company_name,company_linkedin_url,job_title,time_posted,num_applicants
Settle,https://www.linkedin.com/company/settle-data,Software Engineer Intern,,168 applicants
DW SISTERS LLC,https://www.linkedin.com/company/dwsistersllc,Back End Developer,,31 applicants
Baseten,https://www.linkedin.com/company/baseten,Software Engineer - GPU Inference,,0
NOX METALS,https://www.linkedin.com/company/noxmetals,Software Engineer,,28 applicants
Baseten,https://www.linkedin.com/company/baseten,Software Engineer - Realtime Systems,,0
OneDosh,https://www.linkedin.com/company/onedosh,Senior Backend Engineer – Fiat & Stablecoin Infrastructure,,0
SES Corporation,https://www.linkedin.com/company/ses-corporation,Software Developer,,26 applicants
Alignerr,https://www.linkedin.com/company/alignerr,Software Engineer - Python (Advanced),,0
UpSmith,https://www.linkedin.com/company/upsmith,Software Engineer,,128 applicants
"CCI- Computer Consultants International, Inc.",https://www.linkedin.com/company/cci--computer-consultants-international-inc.,Software Developer - Junior,,76 applicants
ADF Medical,https://www.linkedin.com/company/adf-medical,Entry Level - Data Analyst,,83 applicants
Sundayy,https://www.linkedin.com/company/sundayyglobal,"Backend Software Engineer (Python, API)",,48 applicants
Adamson Systems Engineering,https://ca.linkedin.com/company/adamson-systems-engineering,Software Developer (on-site),,53 applicants
Asha Health (YC F24),https://www.linkedin.com/company/asha-health-ai,"Software Engineer, AI x Healthcare",,64 applicants
Avid Technology Professionals,https://www.linkedin.com/company/avid-technology-professionals,Software Engineer 1 (API),,41 applicants
ADF Medical,https://www.linkedin.com/company/adf-medical,Entry Level - Data Analyst,,105 applicants
Uber,https://www.linkedin.com/company/uber-com,Software Engineer II,,77 applicants
ADF Medical,https://www.linkedin.com/company/adf-medical,Entry Level - Data Analyst,,171 applicants
ADF Medical,https://www.linkedin.com/company/adf-medical,Entry Level - Data Analyst,,199 applicants
Sundayy,https://www.linkedin.com/company/sundayyglobal,Backend Software Engineer,,61 applicants
Medlytix,https://www.linkedin.com/company/medlytix-llc,Junior Data Engineer,,77 applicants
Zetheta Algorithms Private Limited,https://in.linkedin.com/company/zetheta,Software Engineer,,38 applicants
Prolific,https://uk.linkedin.com/company/prolific-com,Python - Senior Developers - AI Training,,0
ADF Medical,https://www.linkedin.com/company/adf-medical,Data Entry Specialist - Full-Time/Part-Time,,72 applicants
Tree Top Staffing LLC,https://www.linkedin.com/company/tree-top-staffing-llc,Software Developer,,0
ADF Medical,https://www.linkedin.com/company/adf-medical,Data Analyst,,119 applicants
VectorVue,https://ca.linkedin.com/company/vectorvue,Full Stack Software Engineer - AL/ML (Java | Angular | Python),,28 applicants
ADF Medical,https://www.linkedin.com/company/adf-medical,Data Entry Specialist - Full-Time/Part-Time,,199 applicants
Prolific,https://uk.linkedin.com/company/prolific-com,Python - Senior Developers - AI Training - USA,,0
Erias Ventures,https://www.linkedin.com/company/eriasventures,"Enterprise - Senior Software Engineer - Python, Kotlin, Terraform",,0
ALINE NETWORK,https://www.linkedin.com/company/aline-network,Founding ML Engineer,,0
ADF Medical,https://www.linkedin.com/company/adf-medical,Data Entry Specialist - Full-Time/Part-Time,,50 applicants
ADF Medical,https://www.linkedin.com/company/adf-medical,Data Analyst,,89 applicants
KI people,https://mx.linkedin.com/company/kipeoplemx,Android Mobile Developer,,0
Sundayy,https://www.linkedin.com/company/sundayyglobal,Backend Software Engineer - Python,,46 applicants
ADF Medical,https://www.linkedin.com/company/adf-medical,Data Analyst-Part time,,60 applicants
Pam,https://www.linkedin.com/company/pam-ai,Senior Software Engineer,,0
ADF Medical,https://www.linkedin.com/company/adf-medical,Data Entry Specialist - Full-Time/Part-Time,,90 applicants
hackajob,https://uk.linkedin.com/company/hackajob,Software Engineer [Multiple Positions Available],,0
Fimple,https://uk.linkedin.com/company/fimpleos,"Fullstack or Backend Developer
İstanbul - Remote
Full-Time",,50 applicants
Fimple,https://uk.linkedin.com/company/fimpleos,"Fullstack or Backend Developer
İstanbul - Remote
Full-Time",,50 applicants
24-MAG,https://www.linkedin.com/company/24mag,Remote | Python Backend & Sandbox Integration Engineer — $60–$80/hour,,0
ADF Medical,https://www.linkedin.com/company/adf-medical,Data Analyst-Part time,,197 applicants
ADF Medical,https://www.linkedin.com/company/adf-medical,Data Analyst,,95 applicants
S M Software Solutions Inc,https://ca.linkedin.com/company/smsoftwaresolutionsinc,RQ10660 - Software Developer - Junior,,0
ADF Medical,https://www.linkedin.com/company/adf-medical,Data Analyst-Part time,,42 applicants
Alignerr,https://www.linkedin.com/company/alignerr,Software Engineer - Ruby,,0
Sundayy,https://www.linkedin.com/company/sundayyglobal,"Software Engineer (Python, Js)",,0
Alignerr,https://www.linkedin.com/company/alignerr,Software Engineer - YAML Experience,,0
Prolific,https://uk.linkedin.com/company/prolific-com,Python - Senior Developers - AI Training - US,,0
NOX METALS,https://www.linkedin.com/company/noxmetals,ML Engineer,,0
ADF Medical,https://www.linkedin.com/company/adf-medical,Data Analyst-Part time,,44 applicants
Travoom,https://www.linkedin.com/company/travoom,Senior Rust Backend Engineer – Distributed Systems,,0
Sundayy,https://www.linkedin.com/company/sundayyglobal,"Software Engineer, Full Stack",,182 applicants
John Galt Staffing,https://www.linkedin.com/company/johngaltstaffing,Software Engineer,,63 applicants
Cuadrangular,https://mx.linkedin.com/company/cuadrangularmx,Analista Jr Análisis De Datos Digital,,0
Southern Trust Insurance Company,https://www.linkedin.com/company/southern-trust-insurance,Data Engineer,,157 applicants
ADF Medical,https://www.linkedin.com/company/adf-medical,Data Entry Specialist - Full-Time/Part-Time,,72 applicants
Cloud Fission Company Limited,https://th.linkedin.com/company/cloud-fission-company-limited,Java Developer,,0
Sundayy,https://www.linkedin.com/company/sundayyglobal,Data Entry Associate,,0
PROMEDIX® HEALTH,https://www.linkedin.com/company/promedixhealth,Frontend Developer,,48 applicants
Alignerr,https://www.linkedin.com/company/alignerr,Software Developer – AI Code Quality Specialist,,0
Altur,https://mx.linkedin.com/company/alturio,Senior Software Engineer,,0
Emerald Advantage Concepts LLC,https://www.linkedin.com/company/emerald-advantage-concepts-llc,Core Java Engineer,,26 applicants
Alignerr,https://www.linkedin.com/company/alignerr,Software Developer – AI Code Quality Specialist,,0
Alignerr,https://www.linkedin.com/company/alignerr,Software Developer – AI Code Quality Specialist,,0
Alignerr,https://www.linkedin.com/company/alignerr,Software Engineer - YAML Experience,,0
ADF Medical,https://www.linkedin.com/company/adf-medical,Data Analyst-Part time,,197 applicants
ADF Medical,https://www.linkedin.com/company/adf-medical,Data Analyst,,70 applicants
Rohde & Schwarz,https://de.linkedin.com/company/rohde-schwarz,"Entry Level Software Engineer - Hillsboro, Oregon",,55 applicants
Rohde & Schwarz,https://de.linkedin.com/company/rohde-schwarz,"Entry Level Software Engineer - Hillsboro, Oregon",,55 applicants
Alignerr,https://www.linkedin.com/company/alignerr,Software Developer – AI Code Quality Specialist,,0
ADF Medical,https://www.linkedin.com/company/adf-medical,Data Analyst,,35 applicants
DW SISTERS LLC,https://www.linkedin.com/company/dwsistersllc,Data Engineer,,62 applicants
Nelson Motors and Equipment,https://ca.linkedin.com/company/nelsonmotorsandequipment,Submit Your Resume,,0
ADF Medical,https://www.linkedin.com/company/adf-medical,Data Entry Clerk,,73 applicants
ADF Medical,https://www.linkedin.com/company/adf-medical,Data Analyst,,39 applicants
Sundayy,https://www.linkedin.com/company/sundayyglobal,"Data Engineer, Web Scraping",,55 applicants
Erias Ventures,https://www.linkedin.com/company/eriasventures,"Enterprise - Software Engineer - IaC, Kubernetes, Rancher",,0
Ledgent Technology,https://www.linkedin.com/company/ledgent-technology,Mid Unix (Linux) Engineer,,0
Sundayy,https://www.linkedin.com/company/sundayyglobal,Full-Stack Software Engineer II,,62 applicants
Sports Trading Firm,https://www.linkedin.com/company/sports-trading-firm,"Co-founder, Software Engineer - Prediction Markets",,0
DW SISTERS LLC,https://www.linkedin.com/company/dwsistersllc,AI System Engineer,,26 applicants
Erias Ventures,https://www.linkedin.com/company/eriasventures,"Enterprise - Software Engineer - Java, AWS, Databases",,0
Mercor,https://www.linkedin.com/company/mercor-ai,Senior Software Engineer | Upto $100/hr - AI Trainer,,0
Southern Trust Insurance Company,https://www.linkedin.com/company/southern-trust-insurance,Data Engineer,,49 applicants
Spaceium Inc. (YC S24),https://www.linkedin.com/company/spaceium-inc,AI Engineer,,25 applicants
Prolific,https://uk.linkedin.com/company/prolific-com,"Python - Senior Developers - AI Training - Boston, USA",,0
ADF Medical,https://www.linkedin.com/company/adf-medical,Data Analyst,,116 applicants
Baseten,https://www.linkedin.com/company/baseten,Software Engineer - Voice Agent,,0
Nood,https://www.linkedin.com/company/trynood,Head of Digital,,62 applicants
El Puerto de Liverpool,https://mx.linkedin.com/company/elpuertodeliverpool,DESARROLLADOR DE PRODUCTO JR.,,0
Avid Technology Professionals,https://www.linkedin.com/company/avid-technology-professionals,Software Engineer 3,,0
Intelligible AI,https://www.linkedin.com/company/intelligibleai,Senior Member of Technical Staff,,0
Erias Ventures,https://www.linkedin.com/company/eriasventures,"Enterprise - Software Engineer - Java, Spring, AWS",,0
Sundayy,https://www.linkedin.com/company/sundayyglobal,Data Engineer,,37 applicants
Mistplay,https://ca.linkedin.com/company/mistplay,"Senior / Staff Engineer, Data Platform",,0
Mercor,https://www.linkedin.com/company/mercor-ai,Senior Software Developer | Upto $100/hr - AI Trainer,,0
Mistplay,https://ca.linkedin.com/company/mistplay,"Senior / Staff Platform Engineer, ML & Data",,0
Prolific,https://uk.linkedin.com/company/prolific-com,"Python - Senior Developers - AI Training - Portland, USA",,0
Pentastone Capital,https://www.linkedin.com/company/pentastone-capital,Staff Software Engineer,,0
Prolific,https://uk.linkedin.com/company/prolific-com,"Python - Senior Developers - AI Training - Las Vegas, USA",,0
SIMPLY COMMERCE LTD,https://www.linkedin.com/company/simply-commerce-ltd,Advertised by:,,0
CFD Research Corporation,https://www.linkedin.com/company/cfdresearchcorp,Full Stack Developer,,0
Sundayy,https://www.linkedin.com/company/sundayyglobal,"Software Engineer (Js, Java)",,0
Safeway,https://www.linkedin.com/company/safeway,Front End Entry Level,,0
"Yoh, A Day & Zimmermann Company",https://www.linkedin.com/company/yoh-a-day-&-zimmermann-company,Senior Platform Engineer,,0
Mercor,https://www.linkedin.com/company/mercor-ai,Software Engineer - AI Trainer,,0
GenPark,https://www.linkedin.com/company/genparkai,Data Science Engineer Intern,,0
Mercor,https://www.linkedin.com/company/mercor-ai,Software Engineer - AI Trainer,,0
Pacer Group,https://www.linkedin.com/company/pacergroup,TSYS Tech lead,,0
Mistplay,https://ca.linkedin.com/company/mistplay,Senior / Staff ML Platform Engineer,,0
Mercor,https://www.linkedin.com/company/mercor-ai,Bond Trader | Upto $180/hr - AI Trainer,,0
ConsultNet Technology Services and Solutions,https://www.linkedin.com/company/consultnet,Data Engineer,,26 applicants
ConsultNet Technology Services and Solutions,https://www.linkedin.com/company/consultnet,Data Engineer,,39 applicants
Erias Ventures,https://www.linkedin.com/company/eriasventures,"Enterprise - Software Engineer - Java, GPUs",,0
Thnks,https://www.linkedin.com/company/thnks,AI Agent Intern,,0
Fabric Ventures,https://lu.linkedin.com/company/fabricventures,"Principal Mobile Engineer, Platform - MetaMask",,0
Emerald Resource Group,https://www.linkedin.com/company/emerald-resource-group,Private Equity Associate,,33 applicants
SES Corporation,https://www.linkedin.com/company/ses-corporation,AWS/Lambda Developer,,31 applicants
SES Corporation,https://www.linkedin.com/company/ses-corporation,AWS/Lambda Developer,,31 applicants
Sundayy,https://www.linkedin.com/company/sundayyglobal,AI/ML Engineer,,25 applicants
GitLab,https://www.linkedin.com/company/gitlab-com,"Senior Backend Engineer (AI), Pipeline Execution",,0
Combined Metal Industries,https://ca.linkedin.com/company/combined-metal-industries-inc-,NEW GRAD - Commodity Trader Trainee,,0
Alignerr,https://www.linkedin.com/company/alignerr,AI Automation & Tool Use Engineer,,0
Erias Ventures,https://www.linkedin.com/company/eriasventures,"Enterprise - Senior Software Engineer - GPUs, Java",,0
Sundayy,https://www.linkedin.com/company/sundayyglobal,"Software Engineer II (Js, API)",,31 applicants
Erias Ventures,https://www.linkedin.com/company/eriasventures,"Enterprise - Software Test Engineer - Automation, Python",,0
Erias Ventures,https://www.linkedin.com/company/eriasventures,"Enterprise - Senior Software Engineer - Java, AWS, Databases",,0
Moda Health,https://www.linkedin.com/company/moda-health,Provider Data Analyst I,,94 applicants
KellyMitchell Group,https://www.linkedin.com/company/kelly-mitchell-group-inc,Senior Full Stack Developer,,116 applicants
MAVI Farmacéutica,https://mx.linkedin.com/company/mavifarma,Operador de Sistemas Críticos.,,0
Bold+Beyond,https://www.linkedin.com/company/bold-beyond,Mobile Developer - US Remote Contractor,,25 applicants
Actively AI,https://www.linkedin.com/company/actively-ai,Technical Recruiter,,0
Toyota Automated Logistics,https://jp.linkedin.com/company/toyotaautomatedlogistics,Software Project Engineer (New Grad 2026),,32 applicants
Erias Ventures,https://www.linkedin.com/company/eriasventures,Enterprise - Senior Software Engineer - AWS,,0
Viva Tech Solutions,https://ca.linkedin.com/company/viva-tech-solutions,Oracle PL-SQL Developer,,0
Sundayy,https://www.linkedin.com/company/sundayyglobal,"ML Engineer, AI",,86 applicants
Year Up United,https://www.linkedin.com/school/year-up-united/,Entry Level Programming Opportunity,,0
Alignerr,https://www.linkedin.com/company/alignerr,Software Engineer - Frontend,,31 applicants
Safeway,https://www.linkedin.com/company/safeway,Front End Entry Level,,0
Sundayy,https://www.linkedin.com/company/sundayyglobal,Machine Learning Engineer,,36 applicants
Bluecrest Residential,https://www.linkedin.com/company/bluecrest-residential,Asset & Investment Management Analyst - Multifamily Private Equity,,33 applicants
Mercor,https://www.linkedin.com/company/mercor-ai,Investment Banking Analyst - AI Trainer,,0
SES Corporation,https://www.linkedin.com/company/ses-corporation,Salesforce Developer,,0
Mercor,https://www.linkedin.com/company/mercor-ai,Frontend Software Engineer | $110/hr - AI Trainer,,0
Mercor,https://www.linkedin.com/company/mercor-ai,Investment Banking Consultant | $130/hr - AI Trainer,,0
Alignerr,https://www.linkedin.com/company/alignerr,AI Automation & DevOps Engineer,,0
Alignerr,https://www.linkedin.com/company/alignerr,AI Automation & Tool Use Engineer,,0
NOX METALS,https://www.linkedin.com/company/noxmetals,Perception Engineer,,0
Alignerr,https://www.linkedin.com/company/alignerr,AI Automation & Tool Use Engineer,,0
Prolific,https://uk.linkedin.com/company/prolific-com,"Python - Senior Developers - AI Training - El Paso, USA",,0
Prolific,https://uk.linkedin.com/company/prolific-com,"Mexico Residents - Survey Participants - San Luis Potosí, Mexico",,0
Mercor,https://www.linkedin.com/company/mercor-ai,Claims Adjuster | Upto $80/hr Part-time - AI Trainer,,0
Safeway,https://www.linkedin.com/company/safeway,Front End Entry Level,,0
Mayfield,https://www.linkedin.com/company/mayfield-fund,AI Operations Engineer,,0
Safeway,https://www.linkedin.com/company/safeway,Front End Entry Level,,0
Alignerr,https://www.linkedin.com/company/alignerr,AI Automation & Tool Use Engineer,,0
Ramsey Solutions,https://www.linkedin.com/company/ramseysolutions-lampo,Senior Software Engineer,,0
Intersect,https://www.linkedin.com/company/intersect-com,Settlements,,0
SoFi,https://www.linkedin.com/company/sofi,Pre-Approval Specialist,,0
Alignerr,https://www.linkedin.com/company/alignerr,Computer Engineering,,0
Qualitest acq,https://de.linkedin.com/company/qualitest-germany,Data Collection Associate,,0
Forward Funding,https://ca.linkedin.com/company/forward-funding,Loan Processor,,0
Grady Health System,https://www.linkedin.com/company/gradyhealth,Payment Posting Specialist,,0
Safeway,https://www.linkedin.com/company/safeway,Front End Entry Level,,0
Philips,https://nl.linkedin.com/company/philips,"Data Engineer – Development & Analytics (Bedford, MA)",,125 applicants
24-MAG,https://www.linkedin.com/company/24mag,Remote | Mathematical Diagram & Chart Reasoning Specialist — $70–$85/hour,,0
Talently,https://www.linkedin.com/company/talently-recruiting,Senior Data Engineer,,0
Talently,https://www.linkedin.com/company/talently-recruiting,Senior Data Engineer,,0
BlueCross BlueShield of South Carolina,https://www.linkedin.com/company/bluecross-blueshield-of-sc,Senior Developer,,0
Safeway,https://www.linkedin.com/company/safeway,Front End Entry Level,,0
Alignerr,https://www.linkedin.com/company/alignerr,Software Testing Analyst – AI Code Quality,,0
Prolific,https://uk.linkedin.com/company/prolific-com,"Mexico Residents - Survey Participants - Toluca, Mexico",,0
Alignerr,https://www.linkedin.com/company/alignerr,Computer Engineering,,0
XPENG,https://cn.linkedin.com/company/xpengglobal,Senior Staff AI Data Infrastructure Engineer,,0
Kestra Financial,https://www.linkedin.com/company/kestra-financial,Platform Engineer,,0
"MortgagePros, LLC",https://www.linkedin.com/company/mortgagepros,Closing Specialist,,0
Alignerr,https://www.linkedin.com/company/alignerr,Data Scientist (Masters),,0
Amentum,https://www.linkedin.com/company/amentumcorp,Full Stack Developer,,0
Walmart Canada,https://ca.linkedin.com/company/wal-mart-canada,Staff Software Engineer,,0
BerryBytes,https://in.linkedin.com/company/berrybytes,AI Infra Engineer – SRE (Kubernetes),,0
Mercor,https://www.linkedin.com/company/mercor-ai,Investment Banking Analyst - AI Trainer,,0
ArcheSys Inc,https://www.linkedin.com/company/archesys-inc,Salesforce Developer,,0
Alignerr,https://www.linkedin.com/company/alignerr,Computer Engineering,,0
ArcheSys Inc,https://www.linkedin.com/company/archesys-inc,Cloud Engineer,,31 applicants
Prolific,https://uk.linkedin.com/company/prolific-com,"Mexico Residents - Survey Participants - Saltillo, Mexico",,0
Hand & Stone Massage and Facial Spa,https://www.linkedin.com/company/hand-and-stone-massage-and-facial-spa,Recruiting Talent Systems Specialist,,0
PayPal,https://www.linkedin.com/company/paypal,VAS & Payouts Specialist,,0
Safeway,https://www.linkedin.com/company/safeway,Front End Entry Level,,0
Safeway,https://www.linkedin.com/company/safeway,Front End Entry Level,,0
Safeway,https://www.linkedin.com/company/safeway,Front End Entry Level,,0
Safeway,https://www.linkedin.com/company/safeway,Front End Entry Level,,0
Alignerr,https://www.linkedin.com/company/alignerr,Computer Engineering,,0
OCESA,https://mx.linkedin.com/company/ocesa,Gerente Planeación Financiera Jr,,25 applicants
Scotiabank,https://ca.linkedin.com/company/scotiabank,"Manager, Data Acquisition & Integration",,0
Alignerr,https://www.linkedin.com/company/alignerr,Computer Engineering,,0
LaunchPoint,https://www.linkedin.com/company/launchpointmiami,Management Trainee (Entry Level),,0
Alignerr,https://www.linkedin.com/company/alignerr,Financial Analyst — AI Reviewer (Python & US Modeling),,0
WellnessLiving,https://ca.linkedin.com/company/wellnesslivingsoftware,Senior Data Engineer,,0
"OASYS, INC.",https://www.linkedin.com/company/oasys-inc-,Intermediate Software Developer,,0
Mercor,https://www.linkedin.com/company/mercor-ai,AI Engineer - AI Trainer,,0
Alegeus,https://www.linkedin.com/company/alegeus-technologies,Site Reliability Engineer I,,0
Summit Wash Holdings,https://www.linkedin.com/company/summit-wash-holdings,Entry Ride Operator,,0
Safeway,https://www.linkedin.com/company/safeway,Front End Entry Level,,0
Mercor,https://www.linkedin.com/company/mercor-ai,Engineering Expert - Fully Remote | Upto $75/hr Hourly - AI Trainer,,0
Mercor,https://www.linkedin.com/company/mercor-ai,Note-Taking Specialist - Fully Remote | Upto $100 Part-time - AI Trainer,,0
Prolific,https://uk.linkedin.com/company/prolific-com,"Mexico Residents - Survey Participants - Morelia, Mexico",,0
Alignerr,https://www.linkedin.com/company/alignerr,Finance & Python Expert — AI Model Reviewer,,0
Prolific,https://uk.linkedin.com/company/prolific-com,"Python - Senior Developers - AI Training - Washington DC, USA",,0
"ForFutures Financial, Planning, a financial advisory practice of Ameriprise Financial Services LLC",https://www.linkedin.com/company/forffutures-financial-planning-ltd,People Analytics Intern,,30 applicants
CREAO AI,https://www.linkedin.com/company/creaoai,AI Go-to-Market Specialist,,0
Safeway,https://www.linkedin.com/company/safeway,Front End Entry Level,,0
Mercor,https://www.linkedin.com/company/mercor-ai,Content Reviewer | Upto $50/hr Hourly - AI Trainer,,0
Sundayy,https://www.linkedin.com/company/sundayyglobal,Data Analyst,,90 applicants
24-MAG,https://www.linkedin.com/company/24mag,Remote | Advanced Mathematical Reasoning Specialist — $45–$70/hour,,0
Coates Group,https://au.linkedin.com/company/coatesgroup,Principal Engineer,,0
CREAO AI,https://www.linkedin.com/company/creaoai,AI Go-to-Market Specialist,,0
Safeway,https://www.linkedin.com/company/safeway,Front End Entry Level,,0
Mercor,https://www.linkedin.com/company/mercor-ai,Content Reviewer | Upto $50/hr Hourly - AI Trainer,,0
Sundayy,https://www.linkedin.com/company/sundayyglobal,Data Analyst,,90 applicants
24-MAG,https://www.linkedin.com/company/24mag,Remote | Advanced Mathematical Reasoning Specialist — $45–$70/hour,,0
Coates Group,https://au.linkedin.com/company/coatesgroup,Principal Engineer,,0
Bank of America,https://www.linkedin.com/company/bank-of-america,"Analyst/ Associate: Equity Research, Airlines and Leisure",,32 applicants
Mercor,https://www.linkedin.com/company/mercor-ai,Computer Scientist - AI Trainer,,0
Cync Software,https://www.linkedin.com/company/cyncsoftware,Solution Engineer,,0
Akash Systems,https://www.linkedin.com/company/akash-systems-inc.,Junior Accountant,,0
Safeway,https://www.linkedin.com/company/safeway,Front End Entry Level,,0
Alignerr,https://www.linkedin.com/company/alignerr,Computer Engineering,,0
Blue Mountain,https://www.linkedin.com/company/blue-mountain-quality-resources,Remote Revenue Operations Analyst Internship,,31 applicants
Lumenalta,https://www.linkedin.com/company/lumenalta,Data Engineer - Databricks (Remote),,0
Nood,https://www.linkedin.com/company/trynood,Head of Digital,,89 applicants
eNGINE,https://www.linkedin.com/company/enginehires,Full Stack Engineer Angular Focus,,71 applicants
ArcheSys Inc,https://www.linkedin.com/company/archesys-inc,DevOps Engineer,,0
Alignerr,https://www.linkedin.com/company/alignerr,Computer Engineering,,0
Saleo,https://www.linkedin.com/company/saleo-sales-demo-platform,Quality Assurance Analyst,,28 applicants
Lumenalta,https://www.linkedin.com/company/lumenalta,Data Engineer - Databricks (Remote),,0
Nood,https://www.linkedin.com/company/trynood,Head of Digital,,89 applicants
eNGINE,https://www.linkedin.com/company/enginehires,Full Stack Engineer Angular Focus,,71 applicants
ArcheSys Inc,https://www.linkedin.com/company/archesys-inc,DevOps Engineer,,0
Alignerr,https://www.linkedin.com/company/alignerr,Computer Engineering,,0
Saleo,https://www.linkedin.com/company/saleo-sales-demo-platform,Quality Assurance Analyst,,28 applicants
Alignerr,https://www.linkedin.com/company/alignerr,Computer Engineering,,0
Adamson Systems Engineering,https://ca.linkedin.com/company/adamson-systems-engineering,Firmware Engineer,,0
Nancy Assists,https://uk.linkedin.com/company/nancyassists,Hiring JD Lawyers to Support AI Research — Flexible Remote Work (20–40 hrs/week),,0
Alignerr,https://www.linkedin.com/company/alignerr,Data Scientist (Masters),,0
Alignerr,https://www.linkedin.com/company/alignerr,Computer Engineering,,0
Adamson Systems Engineering,https://ca.linkedin.com/company/adamson-systems-engineering,Firmware Engineer,,0
Nancy Assists,https://uk.linkedin.com/company/nancyassists,Hiring JD Lawyers to Support AI Research — Flexible Remote Work (20–40 hrs/week),,0
Alignerr,https://www.linkedin.com/company/alignerr,Data Scientist (Masters),,0
Lumenalta,https://www.linkedin.com/company/lumenalta,Data Engineer - Databricks (Remote),,0
Mansfield Agency,https://www.linkedin.com/company/the-mansfield-agency-sfg,Entry Level Remote Sales (No Experience Needed) Job,,0
Bank of America,https://www.linkedin.com/company/bank-of-america,Data Scientist I,,41 applicants
KnowHireMatch,https://www.linkedin.com/company/knowhirematch,Automation Engineer,,0
Bank of America,https://www.linkedin.com/company/bank-of-america,Data Scientist I,,0
Alignerr,https://www.linkedin.com/company/alignerr,Lua Programmer,,0
Lumenalta,https://www.linkedin.com/company/lumenalta,Data Engineer - Databricks (Remote),,0
Rijksakademie van beeldende kunsten,https://nl.linkedin.com/company/rijksakademie-van-beeldende-kunsten,61st Venice Biennale,,0
Mansfield Agency,https://www.linkedin.com/company/the-mansfield-agency-sfg,Entry Level Remote Sales (No Experience Needed) Job,,0
Bank of America,https://www.linkedin.com/company/bank-of-america,Data Scientist I,,41 applicants
KnowHireMatch,https://www.linkedin.com/company/knowhirematch,Automation Engineer,,0
Bank of America,https://www.linkedin.com/company/bank-of-america,Data Scientist I,,0
Alignerr,https://www.linkedin.com/company/alignerr,Lua Programmer,,0
Erias Ventures,https://www.linkedin.com/company/eriasventures,"Enterprise - Software Engineer - AWS, HCI, Java",,0
Trekker,https://www.linkedin.com/company/trekker,"CDL-A Lease Driver  Up to $130,000 annual take home",,0
Michigan Medicine,https://www.linkedin.com/company/michigan-medicine,Database Engineer,,0
Alignerr,https://www.linkedin.com/company/alignerr,AI Security Tester,,0
Prolific,https://uk.linkedin.com/company/prolific-com,"Mexico Residents - Survey Participants - Mérida, Mexico",,0
1st Option Title,https://www.linkedin.com/company/1stoptiontitle,Escrow Assistant,,0
Sundayy,https://www.linkedin.com/company/sundayyglobal,Data Platform Engineer,,0
Trekker,https://www.linkedin.com/company/trekker,"CDL-A Lease Driver  Up to $130,000 annual take home",,0
Vulcan Elements,https://www.linkedin.com/company/vulcan-elements,Recruiter,,0
Addition Management,https://www.linkedin.com/company/addition-management,Senior Enterprise Application Engineer,,0
Trekker,https://www.linkedin.com/company/trekker,"CDL-A Lease Driver  Up to $130,000 annual take home",,0
Alignerr,https://www.linkedin.com/company/alignerr,Finance & Python Expert — AI Financial Modeling Reviewer,,0
Mercor,https://www.linkedin.com/company/mercor-ai,Transcriptionist - AI Trainer,,0
Alignerr,https://www.linkedin.com/company/alignerr,AI Security Tester,,0
Prolific,https://uk.linkedin.com/company/prolific-com,"Mexico Residents - Survey Participants - Mérida, Mexico",,0
1st Option Title,https://www.linkedin.com/company/1stoptiontitle,Escrow Assistant,,0
Sundayy,https://www.linkedin.com/company/sundayyglobal,Data Platform Engineer,,0
Trekker,https://www.linkedin.com/company/trekker,"CDL-A Lease Driver  Up to $130,000 annual take home",,0
Vulcan Elements,https://www.linkedin.com/company/vulcan-elements,Recruiter,,0
Addition Management,https://www.linkedin.com/company/addition-management,Senior Enterprise Application Engineer,,0
Trekker,https://www.linkedin.com/company/trekker,"CDL-A Lease Driver  Up to $130,000 annual take home",,0
Alignerr,https://www.linkedin.com/company/alignerr,Finance & Python Expert — AI Financial Modeling Reviewer,,0
Mercor,https://www.linkedin.com/company/mercor-ai,Transcriptionist - AI Trainer,,0
Code Secure India Private Limited,https://in.linkedin.com/company/codesecureindiaprivatelimited,Laravel Developers,,0
Mercor,https://www.linkedin.com/company/mercor-ai,Investment Analyst | Upto $105/hr - AI Trainer,,0
Alignerr,https://www.linkedin.com/company/alignerr,Data Scientist (Masters),,0
hackajob,https://uk.linkedin.com/company/hackajob,"Java, Spring Boot, Microservices Lead Software Engineer",,0
Prolific,https://uk.linkedin.com/company/prolific-com,"Mexico Residents - Survey Participants - Oaxaca, Mexico",,0
Elite Leadership,https://ca.linkedin.com/company/elite-leadership-group,Finance Associate,,0
Viajante Muquirana,https://br.linkedin.com/company/viajantemuquirana,Vice President,,0
Envision Horizons,https://www.linkedin.com/company/envision-horizons,Director of TikTok,,0
NOX METALS,https://www.linkedin.com/company/noxmetals,Automation Engineering Lead,,0
Trekker,https://www.linkedin.com/company/trekker,"CDL-A Lease Driver  Up to $130,000 annual take home",,0
Trekker,https://www.linkedin.com/company/trekker,"CDL-A Lease Driver  Up to $130,000 annual take home",,0
NuWest Group,https://www.linkedin.com/company/nuwest-group,"Travel LDRP RN - $2,530 per week",,0
Prolific,https://uk.linkedin.com/company/prolific-com,"Mexico Residents - Survey Participants - Puebla, Mexico",,0
COBS Bread,https://ca.linkedin.com/company/cobs-bread,Sales Assistant,,0
COBS Bread,https://ca.linkedin.com/company/cobs-bread,Sales Assistant,,0
COBS Bread,https://ca.linkedin.com/company/cobs-bread,Sales Assistant,,0
ACC Concrete Ltd,https://in.linkedin.com/company/acc-concrete-ltd,Quick Links,,0
Safeway,https://www.linkedin.com/company/safeway,Front End Entry Level,,0
Triple Crown Casinos,https://www.linkedin.com/company/triplecrowncasinos,Table Games Dealer,,0
Alignerr,https://www.linkedin.com/company/alignerr,Data Scientist (Masters),,0
Safeway,https://www.linkedin.com/company/safeway,Front End Entry Level,,0
Experis,https://www.linkedin.com/company/experis,"GenAI Developer (Wilmington OR Iselin, NJ)",,0
Amazon,https://www.linkedin.com/company/amazon,"Principal Software Engineer, Data Platform",,0
Sundayy,https://www.linkedin.com/company/sundayyglobal,QA Engineer,,121 applicants
Year Up United,https://www.linkedin.com/school/year-up-united/,Software Development Job Training Program,,0
Trekker,https://www.linkedin.com/company/trekker,"CDL-A Lease Driver  Up to $130,000 annual take home",,0
Amazon,https://www.linkedin.com/company/amazon,"Principal Software Engineer, Data Platform",,0
Volunteer Success,https://ca.linkedin.com/company/volunteersuccess,Tutoring,,0
Alignerr,https://www.linkedin.com/company/alignerr,Data Scientist (Masters),,0
Imetris Corporation,https://www.linkedin.com/company/imetris,Application health Analyst,,0
Year Up United,https://www.linkedin.com/school/year-up-united/,Software Development Job Training Program,,0
Trekker,https://www.linkedin.com/company/trekker,"CDL-A Lease Driver  Up to $130,000 annual take home",,0
Amazon,https://www.linkedin.com/company/amazon,"Principal Software Engineer, Data Platform",,0
Volunteer Success,https://ca.linkedin.com/company/volunteersuccess,Tutoring,,0
Alignerr,https://www.linkedin.com/company/alignerr,Data Scientist (Masters),,0
Imetris Corporation,https://www.linkedin.com/company/imetris,Application health Analyst,,0
Alignerr,https://www.linkedin.com/company/alignerr,AI Red Team Analyst,,0
Erias Ventures,https://www.linkedin.com/company/eriasventures,"Enterprise - Software Engineer - Java, MapReduce, Accumulo",,0
Calibrant Energy,https://www.linkedin.com/company/calibrant-energy,VP of Accounting,,0
Mercor,https://www.linkedin.com/company/mercor-ai,Senior Data Analyst | Upto $100 Part-time - AI Trainer,,0
Plexus Tech,https://es.linkedin.com/company/plexus-tech,Especialista En Oracle,,0
Mitsubishi Heavy Industries,https://jp.linkedin.com/company/mitsubishi-heavy-industries,Senior SQL Server & Data/AI Engineer,,0
Alignerr,https://www.linkedin.com/company/alignerr,Data Scientist (Masters),,0
StarHire.io,https://www.linkedin.com/company/starhireapp,Co-Founder,,0
Alignerr,https://www.linkedin.com/company/alignerr,Data Scientist (Masters),,0
Alignerr,https://www.linkedin.com/company/alignerr,Data Scientist (Masters),,0
Prime Intellect,https://www.linkedin.com/company/primeintellect-ai,"Strategic Finance Lead, Compute",,0
Trekker,https://www.linkedin.com/company/trekker,"CDL-A Lease Driver  Up to $130,000 annual take home",,0
Bessemer Venture Partners India,https://in.linkedin.com/company/bvpindia,Software Developer - Front End (Intermediate to Senior),,30 applicants
Alignerr,https://www.linkedin.com/company/alignerr,Application Security Analyst,,0
Alignerr,https://www.linkedin.com/company/alignerr,Data Scientist (Masters),,0
VONS,https://www.linkedin.com/company/vons,Front End Entry Level,,0
"Yoh, A Day & Zimmermann Company",https://www.linkedin.com/company/yoh-a-day-&-zimmermann-company,Director- Web Engineering,,0
Coppel,https://mx.linkedin.com/company/coppel-sa-de-cv,Coordinador (A) De Análisis De Línea,,0
Alignerr,https://www.linkedin.com/company/alignerr,Data Scientist (Masters),,0
Stefanini Group,https://br.linkedin.com/company/stefanini,Integration Engineer,,0
Trekker,https://www.linkedin.com/company/trekker,"CDL-A Lease Driver  Up to $130,000 annual take home",,0
Alignerr,https://www.linkedin.com/company/alignerr,Application Security Analyst,,0
Galapagos Federal Systems,https://www.linkedin.com/company/galapagos-federal-systems,Mid Model Based Systems Engineer,,0
Dartmouth Health,https://www.linkedin.com/company/dartmouth-health,Intern - Lab-Genomic Informatics,,0
Alignerr,https://www.linkedin.com/company/alignerr,Application Security Analyst,,0
Alignerr,https://www.linkedin.com/company/alignerr,AI Quality Assurance Specialist,,0
Epic Placements,https://www.linkedin.com/company/epicplacements,Forward Deployed Engineer (AI Data Platform),,77 applicants
Polioles,https://mx.linkedin.com/company/poliolesmx,Controlling Specialist,,0
KBW Financial Staffing & Recruiting,https://www.linkedin.com/company/kbw-financial-staffing-&-recruiting,Financial Analyst,,33 applicants
Trekker,https://www.linkedin.com/company/trekker,"CDL-A Lease Driver  Up to $130,000 annual take home",,0
Haystack,https://uk.linkedin.com/company/wearehaystack,Embedded Software Engineer,,0
adlytics GmbH,https://de.linkedin.com/company/adlytics-gmbh,Java Full Stack Engineer Senior - Híbrido,,0
Motion Recruitment,https://www.linkedin.com/company/motion-recruitment-partners,Quantitative Developer,,0
Prosperity Bank,https://www.linkedin.com/company/prosperity-bank,"Deposit Admin Associate (Full Time) - Lubbock, Ave. Q",,0
Galapagos Federal Systems,https://www.linkedin.com/company/galapagos-federal-systems,Mid Model Based Systems Engineer,,0
Dartmouth Health,https://www.linkedin.com/company/dartmouth-health,Intern - Lab-Genomic Informatics,,0
Alignerr,https://www.linkedin.com/company/alignerr,Computer Engineering,,0
Trekker,https://www.linkedin.com/company/trekker,"CDL-A Lease Driver  Up to $130,000 annual take home",,0
Plexus Tech,https://es.linkedin.com/company/plexus-tech,Especialista En Oracle,,0
Rijksakademie van beeldende kunsten,https://nl.linkedin.com/company/rijksakademie-van-beeldende-kunsten,61ST VENICE BIENNALE,,0
Mercor,https://www.linkedin.com/company/mercor-ai,Physics Expert - Fully Remote | Upto $75/hr - AI Trainer,,0
Alignerr,https://www.linkedin.com/company/alignerr,Application Security Analyst,,0
Alignerr,https://www.linkedin.com/company/alignerr,AI Quality Assurance Specialist,,0
Epic Placements,https://www.linkedin.com/company/epicplacements,Forward Deployed Engineer (AI Data Platform),,77 applicants
Rijksakademie van beeldende kunsten,https://nl.linkedin.com/company/rijksakademie-van-beeldende-kunsten,61ST VENICE BIENNALE,,0
Mercor,https://www.linkedin.com/company/mercor-ai,Physics Expert - Fully Remote | Upto $75/hr - AI Trainer,,0
Alignerr,https://www.linkedin.com/company/alignerr,Application Security Analyst,,0
Alignerr,https://www.linkedin.com/company/alignerr,AI Quality Assurance Specialist,,0
Epic Placements,https://www.linkedin.com/company/epicplacements,Forward Deployed Engineer (AI Data Platform),,77 applicants
Polioles,https://mx.linkedin.com/company/poliolesmx,Controlling Specialist,,0
Rijksakademie van beeldende kunsten,https://nl.linkedin.com/company/rijksakademie-van-beeldende-kunsten,61st Venice Biennale,,0
KBW Financial Staffing & Recruiting,https://www.linkedin.com/company/kbw-financial-staffing-&-recruiting,Financial Analyst,,33 applicants
Trekker,https://www.linkedin.com/company/trekker,"CDL-A Lease Driver  Up to $130,000 annual take home",,0
Haystack,https://uk.linkedin.com/company/wearehaystack,Embedded Software Engineer,,0
Motion Recruitment,https://www.linkedin.com/company/motion-recruitment-partners,Quantitative Developer,,0
Prosperity Bank,https://www.linkedin.com/company/prosperity-bank,"Deposit Admin Associate (Full Time) - Lubbock, Ave. Q",,0
Foundation Software,https://www.linkedin.com/company/foundation-software,Cloud Engineer,,27 applicants
JPS Tech Solutions,https://www.linkedin.com/company/jpstechsolutions,Senior Mainframe Developer,,0
Merlin,https://www.linkedin.com/company/merlinlabs,Flight Dynamics Engineer- Virtual Test Environment,,0
Henry Ford Health,https://www.linkedin.com/company/henry-ford-health,**Outpatient Professional Coder/Full time/Remote,,66 applicants
Lumenalta,https://www.linkedin.com/company/lumenalta,Data Engineer - Databricks (Remote),,0
Trekker,https://www.linkedin.com/company/trekker,"CDL-A Lease Driver  Up to $130,000 annual take home",,0
Alignerr,https://www.linkedin.com/company/alignerr,Finance Expert — AI Model Reviewer (Python & Financial Modeling),,0
Mercor,https://www.linkedin.com/company/mercor-ai,Financial Analyst - AI Trainer,,0
ACC Concrete Ltd,https://in.linkedin.com/company/acc-concrete-ltd,Quick Links,,0
Walmart,https://www.linkedin.com/company/walmart,Checkout Team Associate,,0
Alignerr,https://www.linkedin.com/company/alignerr,Application Security Analyst,,0
Sundayy,https://www.linkedin.com/company/sundayyglobal,Data Scientist II,,0
Alignerr,https://www.linkedin.com/company/alignerr,Data Scientist (Masters),,0
Alignerr,https://www.linkedin.com/company/alignerr,Robot Operator — Help Train AI Robots From Home,,0
Rillet,https://www.linkedin.com/company/team-rillet,"Engineering Manager, Platform Engineering",,0
Bessemer Venture Partners India,https://in.linkedin.com/company/bvpindia,Cloud Developer - Intermediate & Senior,,0
Intersect,https://www.linkedin.com/company/intersect-com,"Software Engineer, Microgrid Controls Developer",,0
Xapads Media,https://in.linkedin.com/company/xapads,Mobile Performance Partnerships Lead,,0
Alignerr,https://www.linkedin.com/company/alignerr,AI Quality Assurance Specialist,,0
Alignerr,https://www.linkedin.com/company/alignerr,Application Security Analyst,,0
Triple Crown Casinos,https://www.linkedin.com/company/triplecrowncasinos,Revenue Auditor,,0
Prolific,https://uk.linkedin.com/company/prolific-com,"Chemistry - Graduates - AI Training - Boston, US",,0
Compass Health Network,https://www.linkedin.com/company/compass-heath-network,Health Home Data Analyst,,48 applicants
Sundayy,https://www.linkedin.com/company/sundayyglobal,Quality Assurance Analyst,,139 applicants
Sundayy,https://www.linkedin.com/company/sundayyglobal,"Recruiter, Talent Acquisition",,163 applicants
Erias Ventures,https://www.linkedin.com/company/eriasventures,"Enterprise - Senior Application Engineer - JacaScript, Angular, REST",,0
ITTConnect,https://www.linkedin.com/company/ittalentconnect,DevOps Engineer,,0
"CCI- Computer Consultants International, Inc.",https://www.linkedin.com/company/cci--computer-consultants-international-inc.,Technology Architect,,0
Sundayy,https://www.linkedin.com/company/sundayyglobal,"Recruiter, Talent Acquisition",,163 applicants
"CCI- Computer Consultants International, Inc.",https://www.linkedin.com/company/cci--computer-consultants-international-inc.,Technology Architect,,0
Sundayy,https://www.linkedin.com/company/sundayyglobal,"Frontend Software Engineer, Sr.",,44 applicants
ITTConnect,https://www.linkedin.com/company/ittalentconnect,DevOps Engineer,,0
Alignerr,https://www.linkedin.com/company/alignerr,Application Security Analyst,,0
Turo,https://www.linkedin.com/company/turo,Fraud Prevention Specialist I,,0
Data Ideology,https://www.linkedin.com/company/data-ideology-llc,AWS Platform Architect,,49 applicants
dnd video,https://www.linkedin.com/company/dnd-video,Web & Creator Operations,,0
ACC Concrete Ltd,https://in.linkedin.com/company/acc-concrete-ltd,Quick Links,,0
Prolific,https://uk.linkedin.com/company/prolific-com,"Mexico Residents - Survey Participants - Ecatepec, Mexico",,0
Prolific,https://uk.linkedin.com/company/prolific-com,French - Fluent Speakers - AI Training - Canada,,0
Lumenalta,https://www.linkedin.com/company/lumenalta,AI Engineer (Remote),,0
Bank of America,https://www.linkedin.com/company/bank-of-america,"VP, Cross Asset Quant Developer",,0
Huxley,https://uk.linkedin.com/company/huxley,C++ Low Latency Trading Systems Dev-Chicago-150-300K Base+Bonus,,0
TD,https://ca.linkedin.com/company/td,Data Scientist III,,44 applicants
Axcelis Technologies,https://www.linkedin.com/company/axcelis-technologies,Sr. Applications Engineer,,0
Kapital Grupo Financiero,https://mx.linkedin.com/company/kapital-latam,Especialista De Soporte A Aplicaciones,,0
"Yoh, A Day & Zimmermann Company",https://www.linkedin.com/company/yoh-a-day-&-zimmermann-company,Mainframe Storage Engineer,,0
Alignerr,https://www.linkedin.com/company/alignerr,Application Security Analyst,,0
Alignerr,https://www.linkedin.com/company/alignerr,Offensive Security Analyst (Structured / Non-Exploit),,0
Walmart,https://www.linkedin.com/company/walmart,Cart Attendant,,0
Innova Solutions,https://www.linkedin.com/company/innova-solutions,Application Support Engineer,,0
Addition Management,https://www.linkedin.com/company/addition-management,Accounts Payable Specialist,,0
Lumenalta,https://www.linkedin.com/company/lumenalta,AI Engineer (Remote),,0
24-MAG,https://www.linkedin.com/company/24mag,Remote | Bond Markets & Rates Trading Consultant — $175–$225/hour,,0
Prolific,https://uk.linkedin.com/company/prolific-com,Chemistry - Graduates - AI Training - USA,,0
Redwire,https://www.linkedin.com/company/redwire,Production Test Engineer I / II,,0
ADF Medical,https://www.linkedin.com/company/adf-medical,Customer Service Representative - Part Time,,83 applicants
Trekker,https://www.linkedin.com/company/trekker,"CDL-A Lease Driver  Up to $130,000 annual take home",,0
Mercor,https://www.linkedin.com/company/mercor-ai,Senior Storage Administrator | Upto $60/hr - AI Trainer,,0
Addition Management,https://www.linkedin.com/company/addition-management,AI Enablement Specialist,,0
Vetcove,https://www.linkedin.com/company/vetcove,Accounting Manager,,28 applicants
Viva Tech Solutions,https://ca.linkedin.com/company/viva-tech-solutions,TSYS QA Lead,,0
RI-MUHC | Research Institute of the MUHC | #rimuhc,https://ca.linkedin.com/company/ircusm-rimuhc,Data Entry Clerk,,0
Hospitales MAC,https://mx.linkedin.com/company/hospitales-mac,Analista Administrativo De Consultorios Hospitalarios,,0
The Great Giveback,https://www.linkedin.com/company/the-great-giveback,Entry Level - Financial Services Associate,,0
True Zero Technologies,https://www.linkedin.com/company/true-zero-technologies,Junior NOC Engineer,,125 applicants
RSSi / OneZero Solutions,https://www.linkedin.com/company/rssi,Oracle Report Developer,,0
Year Up United,https://www.linkedin.com/school/year-up-united/,Entry Level Banking Training Opportunity,,0
Hospitales MAC,https://mx.linkedin.com/company/hospitales-mac,Analista Administrativo De Consultorios Hospitalarios,,0
True Zero Technologies,https://www.linkedin.com/company/true-zero-technologies,Junior NOC Engineer,,125 applicants
RSSi / OneZero Solutions,https://www.linkedin.com/company/rssi,Oracle Report Developer,,0
Year Up United,https://www.linkedin.com/school/year-up-united/,Entry Level Banking Training Opportunity,,0
Alignerr,https://www.linkedin.com/company/alignerr,Application Security Analyst,,0
FlyFiler,https://www.linkedin.com/company/flyfiler,Tax Specialist,,0
Year Up United,https://www.linkedin.com/school/year-up-united/,Entry Level Banking Training Opportunity,,0
Gibson Electric Membership Corporation,https://www.linkedin.com/company/gibson-electric-membership,ENGINEERING INTERN,,0
Rijksakademie van beeldende kunsten,https://nl.linkedin.com/company/rijksakademie-van-beeldende-kunsten,61ST VENICE BIENNALE,,0
Kapital Grupo Financiero,https://mx.linkedin.com/company/kapital-latam,Especialista De Soporte A Aplicaciones,,0
"Yoh, A Day & Zimmermann Company",https://www.linkedin.com/company/yoh-a-day-&-zimmermann-company,Mainframe Storage Engineer,,0
Alignerr,https://www.linkedin.com/company/alignerr,Application Security Analyst,,0
Sundayy,https://www.linkedin.com/company/sundayyglobal,"Data Analyst, Sr.",,72 applicants
Prolific,https://uk.linkedin.com/company/prolific-com,"Mexico Residents - Survey Participants - Durango, Mexico",,0
ACC Concrete Ltd,https://in.linkedin.com/company/acc-concrete-ltd,Quick Links,,0
Alignerr,https://www.linkedin.com/company/alignerr,Application Security Analyst,,0
SIRITECH SOLUTIONS CORP,https://www.linkedin.com/company/siritechsolutions-corp,Senior VP level Java developer-Hybrid,,0
NOX METALS,https://www.linkedin.com/company/noxmetals,IT and SecOps,,0
Syntax México,https://mx.linkedin.com/company/syntax-mexico,Linux OS Admin Jr / SAP Basis Jr.,,0
Dartmouth Health,https://www.linkedin.com/company/dartmouth-health,Intern - Lab-Genomic Informatics,,0
Jobright.ai,https://www.linkedin.com/company/jobright-ai,AI Applied Engineer,,0
Rijksakademie van beeldende kunsten,https://nl.linkedin.com/company/rijksakademie-van-beeldende-kunsten,61ST VENICE BIENNALE,,0
Alignerr,https://www.linkedin.com/company/alignerr,Computer Engineering,,0
Trekker,https://www.linkedin.com/company/trekker,"CDL-A Lease Driver  Up to $130,000 annual take home",,0
Alignerr,https://www.linkedin.com/company/alignerr,AI Quality Assurance Specialist,,0
Plexus Tech,https://es.linkedin.com/company/plexus-tech,Especialista En Oracle,,0
Rijksakademie van beeldende kunsten,https://nl.linkedin.com/company/rijksakademie-van-beeldende-kunsten,61ST VENICE BIENNALE,,0
Mercor,https://www.linkedin.com/company/mercor-ai,Physics Expert - Fully Remote | Upto $75/hr - AI Trainer,,0
Alignerr,https://www.linkedin.com/company/alignerr,Application Security Analyst,,0
Haystack,https://uk.linkedin.com/company/wearehaystack,Embedded Software Engineer,,0
Foundation Software,https://www.linkedin.com/company/foundation-software,Cloud Engineer,,28 applicants
Trekker,https://www.linkedin.com/company/trekker,"CDL-A Lease Driver  Up to $130,000 annual take home",,0
adlytics GmbH,https://de.linkedin.com/company/adlytics-gmbh,Java Full Stack Engineer Senior - Híbrido,,0
Motion Recruitment,https://www.linkedin.com/company/motion-recruitment-partners,Quantitative Developer,,0
Prosperity Bank,https://www.linkedin.com/company/prosperity-bank,"Deposit Admin Associate (Full Time) - Lubbock, Ave. Q",,0
JPS Tech Solutions,https://www.linkedin.com/company/jpstechsolutions,Senior Mainframe Developer,,0
Merlin,https://www.linkedin.com/company/merlinlabs,Flight Dynamics Engineer- Virtual Test Environment,,0
Lumenalta,https://www.linkedin.com/company/lumenalta,Data Engineer - Databricks (Remote),,0
Henry Ford Health,https://www.linkedin.com/company/henry-ford-health,**Outpatient Professional Coder/Full time/Remote,,67 applicants
adlytics GmbH,https://de.linkedin.com/company/adlytics-gmbh,Java Full Stack Engineer Senior - Híbrido,,0
Motion Recruitment,https://www.linkedin.com/company/motion-recruitment-partners,Quantitative Developer,,0
Prosperity Bank,https://www.linkedin.com/company/prosperity-bank,"Deposit Admin Associate (Full Time) - Lubbock, Ave. Q",,0
JPS Tech Solutions,https://www.linkedin.com/company/jpstechsolutions,Senior Mainframe Developer,,0
Merlin,https://www.linkedin.com/company/merlinlabs,Flight Dynamics Engineer- Virtual Test Environment,,0
Lumenalta,https://www.linkedin.com/company/lumenalta,Data Engineer - Databricks (Remote),,0
Henry Ford Health,https://www.linkedin.com/company/henry-ford-health,**Outpatient Professional Coder/Full time/Remote,,67 applicants
Trekker,https://www.linkedin.com/company/trekker,"CDL-A Lease Driver  Up to $130,000 annual take home",,0
Pacific Wealth Inc,https://www.linkedin.com/company/pacific-wealth-inc,Realtor Associate,,0
Alignerr,https://www.linkedin.com/company/alignerr,Finance Expert — AI Model Reviewer (Python & Financial Modeling),,0
Mercor,https://www.linkedin.com/company/mercor-ai,Financial Analyst - AI Trainer,,0
ACC Concrete Ltd,https://in.linkedin.com/company/acc-concrete-ltd,Quick Links,,0
Dartmouth Health,https://www.linkedin.com/company/dartmouth-health,"Application Systems Programmer Analyst II - Radiology IT, Hybrid",,0
Walmart,https://www.linkedin.com/company/walmart,Checkout Team Associate,,0
Alignerr,https://www.linkedin.com/company/alignerr,Application Security Analyst,,0
Jobright.ai,https://www.linkedin.com/company/jobright-ai,"Staff Software Engineer, Frontend",,0
Bessemer Venture Partners India,https://in.linkedin.com/company/bvpindia,Cloud Developer - Intermediate & Senior,,0
Sundayy,https://www.linkedin.com/company/sundayyglobal,Data Scientist II,,0
Alignerr,https://www.linkedin.com/company/alignerr,Data Scientist (Masters),,0
Alignerr,https://www.linkedin.com/company/alignerr,Robot Operator — Help Train AI Robots From Home,,0
Sundayy,https://www.linkedin.com/company/sundayyglobal,Data Scientist II,,0
Alignerr,https://www.linkedin.com/company/alignerr,Data Scientist (Masters),,0
CFO Systems Recruiting & Staffing,https://www.linkedin.com/company/cfo-systems-search-and-staffing-llc,Financial Analyst,,0
Rillet,https://www.linkedin.com/company/team-rillet,"Engineering Manager, Platform Engineering",,0
Intersect,https://www.linkedin.com/company/intersect-com,"Software Engineer, Microgrid Controls Developer",,0
NextPath Workforce Solutions,https://www.linkedin.com/company/nextpathcp,Investment Portfolio Associate (5532),,0
Xapads Media,https://in.linkedin.com/company/xapads,Mobile Performance Partnerships Lead,,0
Alignerr,https://www.linkedin.com/company/alignerr,Computer Engineering,,0
Alignerr,https://www.linkedin.com/company/alignerr,AI Quality Assurance Specialist,,0
Alignerr,https://www.linkedin.com/company/alignerr,Application Security Analyst,,0
Compass Health Network,https://www.linkedin.com/company/compass-heath-network,Health Home Data Analyst,,48 applicants
Immersive Gamebox,https://uk.linkedin.com/company/immersivegamebox,Team Member/ Supervisor,,0
Whatnot,https://www.linkedin.com/company/whatnot-inc,"Manager, Data Science",,0
The Mires Agency,https://www.linkedin.com/company/the-mires-agency,Entry-Level Benefits Advisor – Work From Home,,0
Sundayy,https://www.linkedin.com/company/sundayyglobal,Quality Assurance Analyst,,140 applicants
Sundayy,https://www.linkedin.com/company/sundayyglobal,"Recruiter, Talent Acquisition",,165 applicants
Erias Ventures,https://www.linkedin.com/company/eriasventures,"Enterprise - Senior Application Engineer - JacaScript, Angular, REST",,0
Mercor,https://www.linkedin.com/company/mercor-ai,Artificial Intelligence Researcher | Upto $75/hr Hourly - AI Trainer,,0
Whatnot,https://www.linkedin.com/company/whatnot-inc,"Manager, Data Science",,0
ITTConnect,https://www.linkedin.com/company/ittalentconnect,DevOps Engineer,,0
Miller Family Agency,https://www.linkedin.com/company/miller-family-agency,Entry-Level Client Intake Representative - Work from Home,,0
Sundayy,https://www.linkedin.com/company/sundayyglobal,"Recruiter, Talent Acquisition",,165 applicants
Erias Ventures,https://www.linkedin.com/company/eriasventures,"Enterprise - Senior Application Engineer - JacaScript, Angular, REST",,0
Mercor,https://www.linkedin.com/company/mercor-ai,Artificial Intelligence Researcher | Upto $75/hr Hourly - AI Trainer,,0
Whatnot,https://www.linkedin.com/company/whatnot-inc,"Manager, Data Science",,0
ITTConnect,https://www.linkedin.com/company/ittalentconnect,DevOps Engineer,,0
"CCI- Computer Consultants International, Inc.",https://www.linkedin.com/company/cci--computer-consultants-international-inc.,Technology Architect,,0
Radiance Technologies,https://www.linkedin.com/company/radiance-technologies,Senior Software Test Engineer,,0
Allen CW Group,https://www.linkedin.com/company/allen-cw-group,Work from home opportunity. No experience required,,58 applicants
Sundayy,https://www.linkedin.com/company/sundayyglobal,"Frontend Software Engineer, Sr.",,44 applicants
hackajob,https://uk.linkedin.com/company/hackajob,"Software Engineer III - Infrastructure, Cloud, DevOps",,0
Turo,https://www.linkedin.com/company/turo,Fraud Prevention Specialist I,,0
Data Ideology,https://www.linkedin.com/company/data-ideology-llc,AWS Platform Architect,,49 applicants
Sundayy,https://www.linkedin.com/company/sundayyglobal,"Frontend Engineer (React.js, Typescript)",,111 applicants
ACC Concrete Ltd,https://in.linkedin.com/company/acc-concrete-ltd,Quick Links,,0
NOX METALS,https://www.linkedin.com/company/noxmetals,IT and SecOps,,0
Alignerr,https://www.linkedin.com/company/alignerr,Application Security Analyst,,0
Prolific,https://uk.linkedin.com/company/prolific-com,"Mexico Residents - Survey Participants - Querétaro, Mexico",,0
Lotz Agency,https://www.linkedin.com/company/lotzagency,Work at Home Client Specialist | Entry Level,,27 applicants
MIXUE Group,https://cn.linkedin.com/company/%E8%9C%9C%E9%9B%AA%E5%86%B0%E5%9F%8E%E8%82%A1%E4%BB%BD%E6%9C%89%E9%99%90%E5%85%AC%E5%8F%B8,Business Development Trainee,,0
TD,https://ca.linkedin.com/company/td,Data Scientist III,,44 applicants
Kapital Grupo Financiero,https://mx.linkedin.com/company/kapital-latam,Especialista De Soporte A Aplicaciones,,0
"Yoh, A Day & Zimmermann Company",https://www.linkedin.com/company/yoh-a-day-&-zimmermann-company,Mainframe Storage Engineer,,0
Alignerr,https://www.linkedin.com/company/alignerr,Application Security Analyst,,0
Prolific,https://uk.linkedin.com/company/prolific-com,"Mexico Residents - Survey Participants - Durango, Mexico",,0
ACC Concrete Ltd,https://in.linkedin.com/company/acc-concrete-ltd,Quick Links,,0
Alignerr,https://www.linkedin.com/company/alignerr,Application Security Analyst,,0
Huxley,https://uk.linkedin.com/company/huxley,C++ Low Latency Trading Systems Dev-Chicago-150-300K Base+Bonus,,0
SIRITECH SOLUTIONS CORP,https://www.linkedin.com/company/siritechsolutions-corp,Senior VP level Java developer-Hybrid,,0
Syntax México,https://mx.linkedin.com/company/syntax-mexico,Linux OS Admin Jr / SAP Basis Jr.,,0
Patrick Henry College,https://www.linkedin.com/school/patrick-henry-college/,Media Research Center- Internship/Summer,,0
Mercor,https://www.linkedin.com/company/mercor-ai,Sr. Equity Research Analyst $120/hr - AI Trainer,,0
Mercor,https://www.linkedin.com/company/mercor-ai,Senior Storage Administrator | Upto $60/hr - AI Trainer,,0
Viva Tech Solutions,https://ca.linkedin.com/company/viva-tech-solutions,TSYS QA Lead,,0
Vetcove,https://www.linkedin.com/company/vetcove,Accounting Manager,,28 applicants
RI-MUHC | Research Institute of the MUHC | #rimuhc,https://ca.linkedin.com/company/ircusm-rimuhc,Data Entry Clerk,,0
Rijksakademie van beeldende kunsten,https://nl.linkedin.com/company/rijksakademie-van-beeldende-kunsten,61st Venice Biennale,,0
Addition Management,https://www.linkedin.com/company/addition-management,AI Enablement Specialist,,0
Hospitales MAC,https://mx.linkedin.com/company/hospitales-mac,Analista Administrativo De Consultorios Hospitalarios,,0
RSSi / OneZero Solutions,https://www.linkedin.com/company/rssi,Oracle Report Developer,,0
Year Up United,https://www.linkedin.com/school/year-up-united/,Entry Level Banking Training Opportunity,,0
Gibson Electric Membership Corporation,https://www.linkedin.com/company/gibson-electric-membership,ENGINEERING INTERN,,0
Sundayy,https://www.linkedin.com/company/sundayyglobal,Financial Analyst,,41 applicants
hackajob,https://uk.linkedin.com/company/hackajob,Software Engineer III - UI Developer,,0
FlyFiler,https://www.linkedin.com/company/flyfiler,Tax Specialist,,0
Albertsons Companies,https://www.linkedin.com/company/albertsons,Front End Entry Level,,0
Alignerr,https://www.linkedin.com/company/alignerr,Offensive Security Analyst (Structured / Non-Exploit),,0
Jobs via Dice,https://www.linkedin.com/company/jobs-via-dice,Senior Go Engineer,,0
Walmart,https://www.linkedin.com/company/walmart,Cart Attendant,,0
Lumenalta,https://www.linkedin.com/company/lumenalta,AI Engineer (Remote),,0
24-MAG,https://www.linkedin.com/company/24mag,Remote | Bond Markets & Rates Trading Consultant — $175–$225/hour,,0
Prolific,https://uk.linkedin.com/company/prolific-com,Chemistry - Graduates - AI Training - USA,,0
Rijksakademie van beeldende kunsten,https://nl.linkedin.com/company/rijksakademie-van-beeldende-kunsten,61ST VENICE BIENNALE,,0
InsurTech Advisors,https://www.linkedin.com/company/insuretech-advisors,High-Income Remote Insurance Agent | $100K First Year + Bonuses,,0
ADF Medical,https://www.linkedin.com/company/adf-medical,Customer Service Representative - Part Time,,85 applicants
Redwire,https://www.linkedin.com/company/redwire,Production Test Engineer I / II,,0
Trekker,https://www.linkedin.com/company/trekker,"CDL-A Lease Driver  Up to $130,000 annual take home",,0
Kansas State University,https://www.linkedin.com/school/kansas-state-university/,Accounting Specialist,,0
Crossing Hurdles,https://www.linkedin.com/company/crossinghurdles,Journalist | Remote,,0
Viva Tech Solutions,https://ca.linkedin.com/company/viva-tech-solutions,TSYS - Production Support,,0
Albertsons Companies,https://www.linkedin.com/company/albertsons,Front End Entry Level,,0
Jobgether,https://be.linkedin.com/company/jobgether,Bookkeeper,,0
Mercor,https://www.linkedin.com/company/mercor-ai,Forms Designer - Fully Remote | Upto $100 Part-time - AI Trainer,,0
Lumenalta,https://www.linkedin.com/company/lumenalta,AI Engineer (Remote),,0
Alignerr,https://www.linkedin.com/company/alignerr,Mathematics Expert,,0
Sundayy,https://www.linkedin.com/company/sundayyglobal,"Recruiter, Sr. (Technical)",,113 applicants
Alignerr,https://www.linkedin.com/company/alignerr,AI Security Testing Specialist,,0
Rijksakademie van beeldende kunsten,https://nl.linkedin.com/company/rijksakademie-van-beeldende-kunsten,61ST VENICE BIENNALE,,0
Acme Markets,https://www.linkedin.com/company/acme-markets,Front End Entry Level,,0
Lumenalta,https://www.linkedin.com/company/lumenalta,AI Engineer (Remote),,0
Alignerr,https://www.linkedin.com/company/alignerr,Mathematics Expert,,0
Alignerr,https://www.linkedin.com/company/alignerr,AI Security Testing Specialist,,0
Sundayy,https://www.linkedin.com/company/sundayyglobal,"Recruiter, Sr. (Technical)",,113 applicants
Rijksakademie van beeldende kunsten,https://nl.linkedin.com/company/rijksakademie-van-beeldende-kunsten,61ST VENICE BIENNALE,,0
Acme Markets,https://www.linkedin.com/company/acme-markets,Front End Entry Level,,0
"Nautilus Solar Energy, LLC",https://www.linkedin.com/company/nautilus-solar-energy-llc,Capital Markets Associate,,0
RI-MUHC | Research Institute of the MUHC | #rimuhc,https://ca.linkedin.com/company/ircusm-rimuhc,Data Entry Agent - Phase 1 (CIM),,0
Alignerr,https://www.linkedin.com/company/alignerr,Mathematics Expert,,0
Rijksakademie van beeldende kunsten,https://nl.linkedin.com/company/rijksakademie-van-beeldende-kunsten,61st Venice Biennale,,0
Mercor,https://www.linkedin.com/company/mercor-ai,Forms Designer - Fully Remote | Upto $100 Part-time - AI Trainer,,0
Lumenalta,https://www.linkedin.com/company/lumenalta,AI Engineer (Remote),,0
Alignerr,https://www.linkedin.com/company/alignerr,Mathematics Expert,,0
Alignerr,https://www.linkedin.com/company/alignerr,AI Security Testing Specialist,,0
Sundayy,https://www.linkedin.com/company/sundayyglobal,"Recruiter, Sr. (Technical)",,113 applicants
Rijksakademie van beeldende kunsten,https://nl.linkedin.com/company/rijksakademie-van-beeldende-kunsten,61ST VENICE BIENNALE,,0
Acme Markets,https://www.linkedin.com/company/acme-markets,Front End Entry Level,,0
"Nautilus Solar Energy, LLC",https://www.linkedin.com/company/nautilus-solar-energy-llc,Capital Markets Associate,,0
RI-MUHC | Research Institute of the MUHC | #rimuhc,https://ca.linkedin.com/company/ircusm-rimuhc,Data Entry Agent - Phase 1 (CIM),,0
Alignerr,https://www.linkedin.com/company/alignerr,Mathematics Expert,,0
Mercor,https://www.linkedin.com/company/mercor-ai,Photo Submission Specialist - Remote | Upto $20 - AI Trainer,,0
hackajob,https://uk.linkedin.com/company/hackajob,Lead Software Engineer,,0
Cync Software,https://www.linkedin.com/company/cyncsoftware,Product Specialist,,0
"Ollie's Bargain Outlet, Inc.",https://www.linkedin.com/company/ollies-bargain-outlets,Front End Specialist 1 Part Time,,0
Avir Health Group,https://www.linkedin.com/company/avir-health-group,Walk In Friday,,0
SEQ Technology LLC,https://www.linkedin.com/company/seq-technology-llc,Technical Recruiter,,0
RSSi / OneZero Solutions,https://www.linkedin.com/company/rssi,Data Automation Technologist,,0
Miller Family Agency,https://www.linkedin.com/company/miller-family-agency,Work from Home Client Resolution Specialist - WILL TRAIN,,0
Mercor,https://www.linkedin.com/company/mercor-ai,Financial Analyst - AI Trainer,,0
Sundayy,https://www.linkedin.com/company/sundayyglobal,Bookkeeper,,155 applicants
Allia Health Group,https://www.linkedin.com/company/allia-health,Contract Recruiter,,99 applicants
CEO Inc.,https://www.linkedin.com/company/ceo-inc,Tooling Engineer,,0
Axiom Bio,https://www.linkedin.com/company/axiombio,Computational Scientist (Biology),,32 applicants
Alignerr,https://www.linkedin.com/company/alignerr,AI Quality Assurance Specialist,,0
Mercor,https://www.linkedin.com/company/mercor-ai,Photo Submission Specialist - Remote | Upto $20 - AI Trainer,,0
hackajob,https://uk.linkedin.com/company/hackajob,Lead Software Engineer,,0
Rijksakademie van beeldende kunsten,https://nl.linkedin.com/company/rijksakademie-van-beeldende-kunsten,61ST VENICE BIENNALE,,0
Cync Software,https://www.linkedin.com/company/cyncsoftware,Product Specialist,,0
"Ollie's Bargain Outlet, Inc.",https://www.linkedin.com/company/ollies-bargain-outlets,Front End Specialist 1 Part Time,,0
Desert Research Institute,https://www.linkedin.com/company/desert-research-institute,"Assistant or Associate Research Scientist, Software Architect/Software Engineer",,0
Jobgether,https://be.linkedin.com/company/jobgether,Bookkeeper,,0
Lumenalta,https://www.linkedin.com/company/lumenalta,Senior Data Engineer (Remote),,0
Novacomp,https://cr.linkedin.com/company/novacomp,Especialista en DevOps,,0
Alignerr,https://www.linkedin.com/company/alignerr,Offensive Security Analyst (Structured / Non-Exploit),,0
Mercor,https://www.linkedin.com/company/mercor-ai,Quality Engineer - AI Trainer,,0
Kinora Group,https://www.linkedin.com/company/kinora-group,"VP, Charters",,0
Replicant,https://www.linkedin.com/company/replicant,Lead Quality Engineer,,40 applicants
Odoo,https://be.linkedin.com/company/odoo,Channel Account Executive,,0
TakedaPharmaceutical Nordics AB,https://www.linkedin.com/company/takedapharmaceutical-nordics-ab,Research Scientist AI/ML Foundational Models,,0
VyStar Credit Union,https://www.linkedin.com/company/vystar-credit-union,Senior Mortgage Loan Closer,,0
Mitsubishi Heavy Industries,https://jp.linkedin.com/company/mitsubishi-heavy-industries,Machinist I - Entry Level,,0
Dartmouth Health,https://www.linkedin.com/company/dartmouth-health,Senior Applications Systems Analyst- Registration and Billing,,0
targetjobs UK,https://uk.linkedin.com/company/targetjobsuk,Summer Placement Scheme - Materials Science & Engineering,,0
Vector Atomic,https://www.linkedin.com/company/vectoratomic,Staff FPGA Engineer,,0
Walmart,https://www.linkedin.com/company/walmart,Checkout Team Associate,,0
Trekker,https://www.linkedin.com/company/trekker,"CDL-A Lease Driver  Up to $130,000 annual take home",,0
"Abbas Haider, DDS",https://www.linkedin.com/company/abbas-haider-dds,Closing Coordinator,,0
ASM,https://nl.linkedin.com/company/asm,"Specialist, Talent Acquisition",,0
Rijksakademie van beeldende kunsten,https://nl.linkedin.com/company/rijksakademie-van-beeldende-kunsten,61st Venice Biennale,,0
Mercor,https://www.linkedin.com/company/mercor-ai,Senior Technical Support Engineer | Upto $35K/yr,,0
Keesler Federal Credit Union,https://www.linkedin.com/company/kfcu,Vendor Analyst I 5105,,0
Clinical Magnet,https://www.linkedin.com/company/clinical-magnet-official,"Direct Hire CT Tech Role $35 to $50 per hour in Rockford, Illinois",,0
Crossing Hurdles,https://www.linkedin.com/company/crossinghurdles,Risk Management and Claims Specialist,,0
MisDesarrollos,https://mx.linkedin.com/company/misdesarrollos,Coordinador/a de Operaciones e IA Ejecutiva,,0
"Lowe's Companies, Inc.",https://www.linkedin.com/company/lowe's-home-improvement,Full Time - Loader/Cart Associate - Opening,,0
Snaplii,https://ca.linkedin.com/company/snaplii,"Lead Risk Strategist, AI & Payment Fraud",,0
ROI-AI,https://www.linkedin.com/company/return-on-investment-ai,Founding Account Executive,,0
Alignerr,https://www.linkedin.com/company/alignerr,Offensive Security Analyst (Structured / Non-Exploit),,0
Shipday,https://www.linkedin.com/company/shipdayinc,Account Executive,,32 applicants
Alignerr,https://www.linkedin.com/company/alignerr,AI Security Testing Analyst,,0
Limelight Software,https://ca.linkedin.com/company/limelightsoftware,Senior Quality Test Engineer,,35 applicants
Marketeq Talent,https://www.linkedin.com/company/marketeq-talent,HR Technical Recruiting Internship - 100% Remote,,0
"Blasen Capital, LLC",https://www.linkedin.com/company/blasen-capital-llc,Entry Level Manager,,0
BioSpace,https://www.linkedin.com/company/biospaceinc,Applied AI Engineer (Hybrid),,25 applicants
ACU-Serve,https://www.linkedin.com/company/acu-serve-corp.,DME Documentation Specialist,,0
Mercor,https://www.linkedin.com/company/mercor-ai,Drug Discovery Expert - Fully Remote | Upto $80/hr - AI Trainer,,0
Carowinds,https://www.linkedin.com/company/carowinds,Games Associate,,0
Rijksakademie van beeldende kunsten,https://nl.linkedin.com/company/rijksakademie-van-beeldende-kunsten,61st Venice Biennale,,0
Hospitales MAC,https://mx.linkedin.com/company/hospitales-mac,Analista De Consultorio,,0
ACC Concrete Ltd,https://in.linkedin.com/company/acc-concrete-ltd,Quick Links,,0
Mercor,https://www.linkedin.com/company/mercor-ai,Drug Discovery Expert - Fully Remote | Upto $80/hr - AI Trainer,,0
"Blasen Capital, LLC",https://www.linkedin.com/company/blasen-capital-llc,Entry Level Manager,,0
Carowinds,https://www.linkedin.com/company/carowinds,Games Associate,,0
Rijksakademie van beeldende kunsten,https://nl.linkedin.com/company/rijksakademie-van-beeldende-kunsten,61st Venice Biennale,,0
Hospitales MAC,https://mx.linkedin.com/company/hospitales-mac,Analista De Consultorio,,0
ACC Concrete Ltd,https://in.linkedin.com/company/acc-concrete-ltd,Quick Links,,0
RW&CO,https://ca.linkedin.com/company/rw-co,Fashion Associate (Part time) - RW&CO,,0
"Volkswagen of America, Inc",https://www.linkedin.com/company/volkswagen-of-america-inc,Accounting & Tax Specialist,,0
Prolific,https://uk.linkedin.com/company/prolific-com,"Chemistry - Graduates - AI Training - Charlotte, US",,0
Bank of America,https://www.linkedin.com/company/bank-of-america,Digital Director,,0
Hilcorp,https://www.linkedin.com/company/hilcorp,26-237.A - Measurement Tech,,0
Walmart,https://www.linkedin.com/company/walmart,Checkout Team Associate,,0
Scotiabank,https://ca.linkedin.com/company/scotiabank,"Senior Programmer Analyst, Global Business Payments (Scarborough)",,0
Pocatello Fire Department,https://www.linkedin.com/company/pocatello-fire-department,Variable Hour Transit Driver (Preston),,0
Alignerr,https://www.linkedin.com/company/alignerr,Robot Operator — Train AI From Home,,0
Robert Half,https://www.linkedin.com/company/robert-half-international,Project Engineer,,0
Prolific,https://uk.linkedin.com/company/prolific-com,"Chemistry - Graduates - AI Training - Fort Worth, US",,0
Focus on the Family,https://www.linkedin.com/company/focus-on-the-family,Apply for Future Openings,,0
NextPath Workforce Solutions,https://www.linkedin.com/company/nextpathcp,Dev Engineering Manager (5538),,0
Walmart,https://www.linkedin.com/company/walmart,Cart Attendant,,0
Mercor,https://www.linkedin.com/company/mercor-ai,Insurance Underwriter - AI Trainer,,0
Rijksakademie van beeldende kunsten,https://nl.linkedin.com/company/rijksakademie-van-beeldende-kunsten,61st Venice Biennale,,0
Micro Crispr Pvt. Ltd.,https://www.linkedin.com/company/micro-crispr-pvt-ltd,Research And Development,,101 applicants
Rocket City Movers of Huntsville,https://www.linkedin.com/company/rocketcitymovershuntsville,Team Lead,,0
Alignerr,https://www.linkedin.com/company/alignerr,Mathematics Expert,,0
Mercor,https://www.linkedin.com/company/mercor-ai,Quantitative Analyst - AI Trainer,,0
Lumenalta,https://www.linkedin.com/company/lumenalta,Senior Data Engineer - Databricks,,0
Bank of America,https://www.linkedin.com/company/bank-of-america,"Credit Analyst II - Leveraged Finance Credit, Acquisition Financing",,29 applicants
Rijksakademie van beeldende kunsten,https://nl.linkedin.com/company/rijksakademie-van-beeldende-kunsten,61ST VENICE BIENNALE,,0
Rocket City Movers of Huntsville,https://www.linkedin.com/company/rocketcitymovershuntsville,Team Lead,,0
Micro Crispr Pvt. Ltd.,https://www.linkedin.com/company/micro-crispr-pvt-ltd,Research And Development,,101 applicants
Alignerr,https://www.linkedin.com/company/alignerr,Mathematics Expert,,0
Mercor,https://www.linkedin.com/company/mercor-ai,Quantitative Analyst - AI Trainer,,0
Lumenalta,https://www.linkedin.com/company/lumenalta,Senior Data Engineer - Databricks,,0
Bank of America,https://www.linkedin.com/company/bank-of-america,"Credit Analyst II - Leveraged Finance Credit, Acquisition Financing",,29 applicants
Rijksakademie van beeldende kunsten,https://nl.linkedin.com/company/rijksakademie-van-beeldende-kunsten,61ST VENICE BIENNALE,,0
Firstsource,https://in.linkedin.com/company/firstsource-solutions-limited,"Robotics Data Annotation Specialist (Freelance, Project-Based)",,0
Elyvion,https://www.linkedin.com/company/elyvion-official,Data Center Mechanical / Electrical Engineer,,0
Jobright.ai,https://www.linkedin.com/company/jobright-ai,Robotics Engineer (Path Planning),,0
Chula Vista Elementary School District,https://www.linkedin.com/company/chula-vista-elementary-school-district,Wolf Canyon - IA SPED - #317,,0
Prolific,https://uk.linkedin.com/company/prolific-com,"Chemistry - Graduates - AI Training - Denver, US",,0
Year Up United,https://www.linkedin.com/school/year-up-united/,Entry Level Banking Training Opportunity,,0
Mercor,https://www.linkedin.com/company/mercor-ai,Computational Biologist - AI Trainer,,0
BankPlus,https://www.linkedin.com/company/bankplus,Loan Reconciliation Specialist 2163 / Ridgeland,,0
PandoLogic,https://www.linkedin.com/company/pandologic,Jr. Accountant,,0
Walmart,https://www.linkedin.com/company/walmart,Checkout Team Associate,,0
DULCEDO Management,https://ca.linkedin.com/company/dulcedomanagement,Senior NetSuite Developer,,0
Prolific,https://uk.linkedin.com/company/prolific-com,"Chemistry - Graduates - AI Training - Seattle, US",,0
Mercor,https://www.linkedin.com/company/mercor-ai,Banking Consultant - AI Trainer,,0
Year Up United,https://www.linkedin.com/school/year-up-united/,Application Development & Support Career Training Program,,0
Aplos,https://www.linkedin.com/company/aplos-software-llc,Bookkeeping Specialist,,0
Garrido Licona y Asociados S.C.,https://mx.linkedin.com/company/garrido-licona-y-asociados-s-c,TAX ANALYST,,0
Kansas State University,https://www.linkedin.com/school/kansas-state-university/,Compensation Coordinator,,0
Arizona State University,https://www.linkedin.com/school/arizona-state-university/,AI Strategist,,0
Mercor,https://www.linkedin.com/company/mercor-ai,Subject Matter Expert - AI Trainer,,0
Mercor,https://www.linkedin.com/company/mercor-ai,Manufacturing Engineer | Upto $75/hr - AI Trainer,,0
ENGIE North America Inc.,https://www.linkedin.com/company/engie-north-america-inc,"Intern, Mergers and Acquisitions (M&A)",,95 applicants
Alignerr,https://www.linkedin.com/company/alignerr,Application Security Analyst,,0
Chula Vista Elementary School District,https://www.linkedin.com/company/chula-vista-elementary-school-district,Wolf Canyon - IA SPED - #317,,0
Garrido Licona y Asociados S.C.,https://mx.linkedin.com/company/garrido-licona-y-asociados-s-c,TAX ANALYST,,0
Kansas State University,https://www.linkedin.com/school/kansas-state-university/,Compensation Coordinator,,0
Arizona State University,https://www.linkedin.com/school/arizona-state-university/,AI Strategist,,0
Mercor,https://www.linkedin.com/company/mercor-ai,Subject Matter Expert - AI Trainer,,0
Mercor,https://www.linkedin.com/company/mercor-ai,Manufacturing Engineer | Upto $75/hr - AI Trainer,,0
ENGIE North America Inc.,https://www.linkedin.com/company/engie-north-america-inc,"Intern, Mergers and Acquisitions (M&A)",,95 applicants
Alignerr,https://www.linkedin.com/company/alignerr,Application Security Analyst,,0
Chula Vista Elementary School District,https://www.linkedin.com/company/chula-vista-elementary-school-district,Wolf Canyon - IA SPED - #317,,0
Prolific,https://uk.linkedin.com/company/prolific-com,"Chemistry - Graduates - AI Training - Denver, US",,0
Year Up United,https://www.linkedin.com/school/year-up-united/,Entry Level Banking Training Opportunity,,0
Sundayy,https://www.linkedin.com/company/sundayyglobal,"Frontend Software Engineer (React.js, Next.js)",,89 applicants
Alignerr,https://www.linkedin.com/company/alignerr,Physics Masters,,0
Alignerr,https://www.linkedin.com/company/alignerr,Offensive Security Analyst (Structured / Non-Exploit),,0
Mississippi Department of Employment Security,https://www.linkedin.com/company/mdesms,Unloader,,0
National Council of Teachers of Mathematics - NCTM,https://www.linkedin.com/company/national-council-of-teachers-of-mathematics---nctm,"Faculty, Math - Academy, Grades 9-12",,0
Alignerr,https://www.linkedin.com/company/alignerr,Precision Medicine Data Lead,,0
The Jackson Agency,https://www.linkedin.com/company/the-jackson-agency,Remote Insurance Agent,,0
Henderson Harbor Group,https://www.linkedin.com/company/henderson-harbor,Collections Analyst,,0
Profit Edge Financials,https://www.linkedin.com/company/profit-edge-financials,Bookkeeper,,0
Crossing Hurdles,https://www.linkedin.com/company/crossinghurdles,Biomedical Data Specialist | $60/hr Remote,,0
Bizly,https://www.linkedin.com/company/bizly-com,General Manager/COO,,0
Sundayy,https://www.linkedin.com/company/sundayyglobal,"Frontend Software Engineer (React.js, Next.js)",,89 applicants
Alignerr,https://www.linkedin.com/company/alignerr,Physics Masters,,0
Alignerr,https://www.linkedin.com/company/alignerr,Offensive Security Analyst (Structured / Non-Exploit),,0
Mississippi Department of Employment Security,https://www.linkedin.com/company/mdesms,Unloader,,0
National Council of Teachers of Mathematics - NCTM,https://www.linkedin.com/company/national-council-of-teachers-of-mathematics---nctm,"Faculty, Math - Academy, Grades 9-12",,0
Alignerr,https://www.linkedin.com/company/alignerr,Precision Medicine Data Lead,,0
The Jackson Agency,https://www.linkedin.com/company/the-jackson-agency,Remote Insurance Agent,,0
Henderson Harbor Group,https://www.linkedin.com/company/henderson-harbor,Collections Analyst,,0
Crossing Hurdles,https://www.linkedin.com/company/crossinghurdles,Biomedical Data Specialist | $60/hr Remote,,0
Mercor,https://www.linkedin.com/company/mercor-ai,Senior Quality Engineer | Upto $75/hr - AI Trainer,,0
InsurTech Advisors,https://www.linkedin.com/company/insuretech-advisors,💼 Work From Home Insurance Agent | $100K First Year + Bonuses,,0
Rijksakademie van beeldende kunsten,https://nl.linkedin.com/company/rijksakademie-van-beeldende-kunsten,61ST VENICE BIENNALE,,0
Prolific,https://uk.linkedin.com/company/prolific-com,"Chemistry - Graduates - AI Training - Jacksonville, US",,0
Winonics,https://www.linkedin.com/company/winonics-brea,Accounts Payable Specialist,,0
Mercor,https://www.linkedin.com/company/mercor-ai,Location History Analyst - Fully Remote | Upto $100 Part-time - AI Trainer,,0
Lumenalta,https://www.linkedin.com/company/lumenalta,Senior Data Engineer (Remote),,0
Alignerr,https://www.linkedin.com/company/alignerr,Offensive Security Analyst (Structured / Non-Exploit),,0
Innova Solutions,https://www.linkedin.com/company/innova-solutions,Mechanical Designer,,0
micro1,https://www.linkedin.com/company/micro1,Data Collector,,0
Lumenalta,https://www.linkedin.com/company/lumenalta,Senior Data Engineer (Remote),,0
Alignerr,https://www.linkedin.com/company/alignerr,Offensive Security Analyst (Structured / Non-Exploit),,0
Innova Solutions,https://www.linkedin.com/company/innova-solutions,Mechanical Designer,,0
micro1,https://www.linkedin.com/company/micro1,Data Collector,,0
Alignerr,https://www.linkedin.com/company/alignerr,Offensive Security Analyst (Structured / Non-Exploit),,0
Alignerr,https://www.linkedin.com/company/alignerr,Machine Learning Evaluation Specialist,,0
Mercor,https://www.linkedin.com/company/mercor-ai,Hepatologist | Upto $200/hr Hourly - AI Trainer,,0
Alignerr,https://www.linkedin.com/company/alignerr,Robot Operator — Entrena Robots desde Casa,,0
Bright Vision Technologies,https://www.linkedin.com/company/in-bvteck,IT Wonderware Developer,,0
Prolific,https://uk.linkedin.com/company/prolific-com,"Mexico Residents - Survey Participants - Veracruz, Mexico",,0
Innova Solutions,https://www.linkedin.com/company/innova-solutions,Mechanical Designer,,0
micro1,https://www.linkedin.com/company/micro1,Data Collector,,0
Alignerr,https://www.linkedin.com/company/alignerr,Offensive Security Analyst (Structured / Non-Exploit),,0
Alignerr,https://www.linkedin.com/company/alignerr,Machine Learning Evaluation Specialist,,0
Mercor,https://www.linkedin.com/company/mercor-ai,Hepatologist | Upto $200/hr Hourly - AI Trainer,,0
Alignerr,https://www.linkedin.com/company/alignerr,Robot Operator — Entrena Robots desde Casa,,0
Bright Vision Technologies,https://www.linkedin.com/company/in-bvteck,IT Wonderware Developer,,0
Prolific,https://uk.linkedin.com/company/prolific-com,"Mexico Residents - Survey Participants - Veracruz, Mexico",,0
Peter Lucas,https://ca.linkedin.com/company/peter-lucas-project-management,Electrical Engineer - PL#23650,,0
BioSpace,https://www.linkedin.com/company/biospaceinc,Clinical Payment Analyst,,0
Dream House Kitchens & Interiors,https://ca.linkedin.com/company/dream-house-kitchens-and-interiors,crester,,0
Albertsons Companies,https://www.linkedin.com/company/albertsons,Front End Entry Level,,0
Mercor,https://www.linkedin.com/company/mercor-ai,Financial Advisor | Upto $90/hr Part-time - AI Trainer,,0
IPEX by Aliaxis,https://ca.linkedin.com/company/ipexbyaliaxis,Job Title,,0
Roster,https://www.linkedin.com/company/joinroster,YouTube Channel Manager for Restaurant Tech Startup,,0
Prolific,https://uk.linkedin.com/company/prolific-com,"Mexico Residents - Survey Participants - Hermosillo, Mexico",,0
"Persistent Technology, Inc.",https://www.linkedin.com/company/persistent-technology,.Net Developer,,0
fjorge,https://www.linkedin.com/company/fjorge,Wordpress / Drupal Developer,,0
NOX METALS,https://www.linkedin.com/company/noxmetals,Sales and Applications Engineer,,0
Rijksakademie van beeldende kunsten,https://nl.linkedin.com/company/rijksakademie-van-beeldende-kunsten,61st Venice Biennale,,0
IPEX by Aliaxis,https://ca.linkedin.com/company/ipexbyaliaxis,Job Title,,0
Roster,https://www.linkedin.com/company/joinroster,YouTube Channel Manager for Restaurant Tech Startup,,0
Prolific,https://uk.linkedin.com/company/prolific-com,"Mexico Residents - Survey Participants - Hermosillo, Mexico",,0
"Persistent Technology, Inc.",https://www.linkedin.com/company/persistent-technology,.Net Developer,,0
fjorge,https://www.linkedin.com/company/fjorge,Wordpress / Drupal Developer,,0
NOX METALS,https://www.linkedin.com/company/noxmetals,Sales and Applications Engineer,,0
Rijksakademie van beeldende kunsten,https://nl.linkedin.com/company/rijksakademie-van-beeldende-kunsten,61st Venice Biennale,,0
Infinite Motors,https://www.linkedin.com/company/infinitemotors,Investor Cofounder (CMO),,0
Nova Biomedical,https://www.linkedin.com/company/nova-biomedical-corp,Senior Software QA Engineer,,0
Rijksakademie van beeldende kunsten,https://nl.linkedin.com/company/rijksakademie-van-beeldende-kunsten,61ST VENICE BIENNALE,,0
Prolific,https://uk.linkedin.com/company/prolific-com,"Chemistry - Graduates - AI Training - Nashville, US",,0
Mercor,https://www.linkedin.com/company/mercor-ai,Senior Portfolio Manager | Upto $150/hr - AI Trainer,,0
Alignerr,https://www.linkedin.com/company/alignerr,Machine Learning Evaluation Specialist,,0
Window World of Gulf Coast,https://www.linkedin.com/company/window-world-of-gulf-coast,Staff Accountant,,0
Husky Technologies,https://ca.linkedin.com/company/husky-technologies,Product Engineer|,,0
Carowinds,https://www.linkedin.com/company/carowinds,Ride Operator,,0
Carowinds,https://www.linkedin.com/company/carowinds,Ride Operator,,0
ACC Concrete Ltd,https://in.linkedin.com/company/acc-concrete-ltd,Quick Links,,0
Triple Crown Casinos,https://www.linkedin.com/company/triplecrowncasinos,Table Games Craps Dealer,,0
Prolific,https://uk.linkedin.com/company/prolific-com,"Chemistry - Graduates - AI Training - Nashville, US",,0
Mercor,https://www.linkedin.com/company/mercor-ai,Senior Portfolio Manager | Upto $150/hr - AI Trainer,,0
Alignerr,https://www.linkedin.com/company/alignerr,Machine Learning Evaluation Specialist,,0
Window World of Gulf Coast,https://www.linkedin.com/company/window-world-of-gulf-coast,Staff Accountant,,0
Husky Technologies,https://ca.linkedin.com/company/husky-technologies,Product Engineer|,,0
Carowinds,https://www.linkedin.com/company/carowinds,Ride Operator,,0
Carowinds,https://www.linkedin.com/company/carowinds,Ride Operator,,0
ACC Concrete Ltd,https://in.linkedin.com/company/acc-concrete-ltd,Quick Links,,0
Triple Crown Casinos,https://www.linkedin.com/company/triplecrowncasinos,Table Games Craps Dealer,,0
Walmart,https://www.linkedin.com/company/walmart,Cart Attendant,,0
24-MAG,https://www.linkedin.com/company/24mag,Remote | Automotive Mechanical Engineering Workflow Specialist — $50–$75/hour,,0
National Association of Latino Healthcare Executives,https://www.linkedin.com/company/nalhe,Senior IT Full Stack Engineer IV (Node.js / React / Next.js),,0
Foreign Objects,https://www.linkedin.com/company/foreign-objects,Head of Fulfillment & Warehouse Systems (Build from the Ground Up – $10M+ Ecom Brand),,0
Wendy's,https://www.linkedin.com/company/wendys-inc,Crew Member,,0
Kestra Financial,https://www.linkedin.com/company/kestra-financial,Trading Specialist I,,0
Pacer Group,https://www.linkedin.com/company/pacergroup,.Net developer with Azure,,0
Lake Metroparks,https://www.linkedin.com/company/lake-metroparks,Lamb Jam,,0
Alignerr,https://www.linkedin.com/company/alignerr,Physics Masters,,0
National Council of Teachers of Mathematics - NCTM,https://www.linkedin.com/company/national-council-of-teachers-of-mathematics---nctm,Full-Time Lecturer - Mechanical Engineering - AY 26/27,,0
Pacer Group,https://www.linkedin.com/company/pacergroup,.Net developer with Azure,,0
Lake Metroparks,https://www.linkedin.com/company/lake-metroparks,Lamb Jam,,0
Alignerr,https://www.linkedin.com/company/alignerr,Physics Masters,,0
National Council of Teachers of Mathematics - NCTM,https://www.linkedin.com/company/national-council-of-teachers-of-mathematics---nctm,Full-Time Lecturer - Mechanical Engineering - AY 26/27,,0
Rijksakademie van beeldende kunsten,https://nl.linkedin.com/company/rijksakademie-van-beeldende-kunsten,61ST VENICE BIENNALE,,0
Walmart,https://www.linkedin.com/company/walmart,Cart Attendant,,0
Albertsons Companies,https://www.linkedin.com/company/albertsons,Front End Entry Level,,0
Alignerr,https://www.linkedin.com/company/alignerr,Mechanical Engineering,,0
Rijksakademie van beeldende kunsten,https://nl.linkedin.com/company/rijksakademie-van-beeldende-kunsten,61st Venice Biennale,,0
Prosperity Bank,https://www.linkedin.com/company/prosperity-bank,"Teller (Full Time) - OKC, Expressway",,0
Prosperity Bank,https://www.linkedin.com/company/prosperity-bank,"Teller (Full Time) - OKC, Expressway",,0
NorthWestern Energy,https://www.linkedin.com/company/northwesternenergy,Application Administrator,,0
Jaqyi.com,https://in.linkedin.com/company/jaqyi,Sales Lead,,0
Mercor,https://www.linkedin.com/company/mercor-ai,Senior Quality Assurance Specialist | Upto $105/hr - AI Trainer,,0
Alignerr,https://www.linkedin.com/company/alignerr,Application Security Analyst,,0
"The TJX Companies, Inc.",https://www.linkedin.com/company/tjx,Processing Associate,,0
BloomsFlora,https://in.linkedin.com/showcase/bloomsflora-sft/,"Sorry, We can't find the page you're looking for",,0
Insight Global,https://www.linkedin.com/company/insight-global,Tooling Engineer,,0
Walmart,https://www.linkedin.com/company/walmart,Cart Attendant,,0
Shaw’s and Star Market,https://www.linkedin.com/company/shaw%E2%80%99s-star-market,Front End Entry Level,,0
Walmart,https://www.linkedin.com/company/walmart,Cart Attendant,,0
Shaw’s and Star Market,https://www.linkedin.com/company/shaw%E2%80%99s-star-market,Front End Entry Level,,0
Mercor,https://www.linkedin.com/company/mercor-ai,Manufacturing Engineer - AI Trainer,,0
IMEG,https://www.linkedin.com/company/imeg-corp,"Structural Engineering New Grad | Vancouver, WA",,0
Prolific,https://uk.linkedin.com/company/prolific-com,"Chemistry - Graduates - AI Training - San Jose, US",,0
ENGIE North America Inc.,https://www.linkedin.com/company/engie-north-america-inc,"Intern, Mergers and Acquisitions (M&A)",,54 applicants
Mistplay,https://ca.linkedin.com/company/mistplay,"User Acquisition Manager// Gestionnaire, Acquisition des utilisateurs",,0
Ascendo Resources,https://www.linkedin.com/company/ascendoresources,Investment Analyst - Private Wealth,,0
Sundayy,https://www.linkedin.com/company/sundayyglobal,BI Analyst / Data Analyst,,0
Firstsource,https://in.linkedin.com/company/firstsource-solutions-limited,"Robotics Data Annotation Specialist (Freelance, Project-Based)",,0
hackajob,https://uk.linkedin.com/company/hackajob,Software Engineer II - ReactJS,,0
Brockton Housing Authority,https://www.linkedin.com/company/brockton-housing-authority,Accounts Receivable Bookkeeping Clerk,,0
"Kimco Staffing Services, Inc.",https://www.linkedin.com/company/kimco-staffing,RN (ICU),,0
Commonwealth of Pennsylvania,https://www.linkedin.com/company/commonwealth-of-pennsylvania_2,Database Analyst,,0
Prolific,https://uk.linkedin.com/company/prolific-com,"Chemistry - Graduates - AI Training - Washington DC, US",,0
Sauced BBQ& Spirits,https://www.linkedin.com/company/sauced-bbq&-spirits,All Positions,,0
MSI Defense Solutions,https://www.linkedin.com/company/msidefensesolutions,Mechanical Design Engineer,,0
Crossing Hurdles,https://www.linkedin.com/company/crossinghurdles,HR Consultant | $50/hr Remote,,55 applicants
Mercor,https://www.linkedin.com/company/mercor-ai,Consumer Goods Specialist - Fully Remote | Upto $65/hr - AI Trainer,,0
Aseva,https://www.linkedin.com/company/asevatech,Account Manager,,0
Peter Lucas,https://ca.linkedin.com/company/peter-lucas-project-management,Electrical Engineer - PL#23650,,0
"Ollie's Bargain Outlet, Inc.",https://www.linkedin.com/company/ollies-bargain-outlets,Front End Specialist 1 Part Time,,0
Albany Med Health System,https://www.linkedin.com/company/albanymed,Data Entry Clerk- Credentialing Expirables,,0
Alignerr,https://www.linkedin.com/company/alignerr,Machine Learning Evaluation Specialist,,0
Desert Research Institute,https://www.linkedin.com/company/desert-research-institute,Graduate Research Intern,,0
Mercor,https://www.linkedin.com/company/mercor-ai,Pricing Actuary - AI Trainer,,0
Rijksakademie van beeldende kunsten,https://nl.linkedin.com/company/rijksakademie-van-beeldende-kunsten,61ST VENICE BIENNALE,,0
Alignerr,https://www.linkedin.com/company/alignerr,AI / Emerging Tech Security Analyst,,0
Rijksakademie van beeldende kunsten,https://nl.linkedin.com/company/rijksakademie-van-beeldende-kunsten,61st Venice Biennale,,0
Albany Med Health System,https://www.linkedin.com/company/albanymed,Data Entry Clerk- Credentialing Expirables,,0
Alignerr,https://www.linkedin.com/company/alignerr,Machine Learning Evaluation Specialist,,0
Desert Research Institute,https://www.linkedin.com/company/desert-research-institute,Graduate Research Intern,,0
Mercor,https://www.linkedin.com/company/mercor-ai,Pricing Actuary - AI Trainer,,0
Jobgether,https://be.linkedin.com/company/jobgether,"Team Lead, Learning and Development",,0
Rijksakademie van beeldende kunsten,https://nl.linkedin.com/company/rijksakademie-van-beeldende-kunsten,61ST VENICE BIENNALE,,0
Alignerr,https://www.linkedin.com/company/alignerr,AI / Emerging Tech Security Analyst,,0
RobotToday,https://www.linkedin.com/company/robottoday,Field Service Engineer – Robotics,,0
Rijksakademie van beeldende kunsten,https://nl.linkedin.com/company/rijksakademie-van-beeldende-kunsten,61st Venice Biennale,,0
micro1,https://www.linkedin.com/company/micro1,Human Data Generalist - Internship,,0
Regal,https://www.linkedin.com/company/regal-entertainment-group,Team Member,,0
Stefanini Group,https://br.linkedin.com/company/stefanini,Cost Engineer - Automotive,,0
Rijksakademie van beeldende kunsten,https://nl.linkedin.com/company/rijksakademie-van-beeldende-kunsten,61st Venice Biennale,,0
REDICSA,https://mx.linkedin.com/company/redicsa,Especialista en Gestión de Parches y Actualizaciones,,0
Andreessen Horowitz,https://www.linkedin.com/company/a16z,"Contractor, GTM Strategy & Ops, Speedrun",,0
Jobgether,https://be.linkedin.com/company/jobgether,Senior Solutions Architect (Pre-Sales),,0
micro1,https://www.linkedin.com/company/micro1,Human Data Generalist - Internship,,0
micro1,https://www.linkedin.com/company/micro1,Data Collector,,0
Journal Register Company,https://www.linkedin.com/company/journal-register-company,ROLL TENDER,,0
Femworld foundation                     www.femworld.org/,https://www.linkedin.com/company/femworld-foundation,Intern,,0
"Kimco Staffing Services, Inc.",https://www.linkedin.com/company/kimco-staffing,RN (ICU),,0
Commonwealth of Pennsylvania,https://www.linkedin.com/company/commonwealth-of-pennsylvania_2,Database Analyst,,0
Fuze HR Solutions,https://ca.linkedin.com/company/fuzehrsolutions,Accountant,,25 applicants
Prolific,https://uk.linkedin.com/company/prolific-com,"Chemistry - Graduates - AI Training - Washington DC, US",,0
Rijksakademie van beeldende kunsten,https://nl.linkedin.com/company/rijksakademie-van-beeldende-kunsten,61st Venice Biennale,,0
Sauced BBQ& Spirits,https://www.linkedin.com/company/sauced-bbq&-spirits,All Positions,,0
MSI Defense Solutions,https://www.linkedin.com/company/msidefensesolutions,Mechanical Design Engineer,,0
Crossing Hurdles,https://www.linkedin.com/company/crossinghurdles,HR Consultant | $50/hr Remote,,55 applicants
Mercor,https://www.linkedin.com/company/mercor-ai,Consumer Goods Specialist - Fully Remote | Upto $65/hr - AI Trainer,,0
NOX METALS,https://www.linkedin.com/company/noxmetals,Recruiting Lead,,0
Rijksakademie van beeldende kunsten,https://nl.linkedin.com/company/rijksakademie-van-beeldende-kunsten,61st Venice Biennale,,0
Sauced BBQ& Spirits,https://www.linkedin.com/company/sauced-bbq&-spirits,All Positions,,0
MSI Defense Solutions,https://www.linkedin.com/company/msidefensesolutions,Mechanical Design Engineer,,0
Mercor,https://www.linkedin.com/company/mercor-ai,Consumer Goods Specialist - Fully Remote | Upto $65/hr - AI Trainer,,0
NOX METALS,https://www.linkedin.com/company/noxmetals,Recruiting Lead,,0
"Kimco Staffing Services, Inc.",https://www.linkedin.com/company/kimco-staffing,RN (ICU),,0
Texas Original,https://www.linkedin.com/company/texasoriginal,Dispensary Associate,,0
Crossing Hurdles,https://www.linkedin.com/company/crossinghurdles,Policy Processing Specialist,,0
Lumenalta,https://www.linkedin.com/company/lumenalta,Senior Data Engineer (Remote),,0
Bessemer Venture Partners India,https://in.linkedin.com/company/bvpindia,IT Support Specialist,,100 applicants
Quantinuum,https://www.linkedin.com/company/quantinuumqc,Research Scientist - Quantum Error Correction - 638,,0
Alignerr,https://www.linkedin.com/company/alignerr,Science & Research Specialist,,0
Alignerr,https://www.linkedin.com/company/alignerr,AI Content Reviewer (English Writing),,0
Alignerr,https://www.linkedin.com/company/alignerr,Offensive Security Analyst (Structured / Non-Exploit),,0
Alignerr,https://www.linkedin.com/company/alignerr,AI Content Quality Reviewer,,0
Rijksakademie van beeldende kunsten,https://nl.linkedin.com/company/rijksakademie-van-beeldende-kunsten,61ST VENICE BIENNALE,,0
Brockton Housing Authority,https://www.linkedin.com/company/brockton-housing-authority,Accounts Receivable Bookkeeping Clerk,,0
STATION F,https://fr.linkedin.com/company/stationf,PRESALES ENGINEER USA,,0
Lumenalta,https://www.linkedin.com/company/lumenalta,Senior Data Engineer - Databricks,,0
Alignerr,https://www.linkedin.com/company/alignerr,Offensive Security Analyst (Structured / Non-Exploit),,0
Samosa and Sweet Factory,https://ca.linkedin.com/company/samosa-and-sweet-factory,non-destructive examiner,,0
Alignerr,https://www.linkedin.com/company/alignerr,Physics Masters,,0
hackajob,https://uk.linkedin.com/company/hackajob,"Sr. Analyst, Finance",,0
Alignerr,https://www.linkedin.com/company/alignerr,Physics Masters,,0
"MARC, Inc. of Manchester",https://www.linkedin.com/company/marc-inc--of-manchester,DSP Day Floater,,0
Addison Group,https://www.linkedin.com/company/addisongroup,Assistant Controller,,0
Bank of America,https://www.linkedin.com/company/bank-of-america,Analyst/Associate — Global & LatAm Economics Research,,28 applicants
Washington Shoe Company,https://www.linkedin.com/company/washington-shoe-company,Digital Content Creator,,0
Rijksakademie van beeldende kunsten,https://nl.linkedin.com/company/rijksakademie-van-beeldende-kunsten,61ST VENICE BIENNALE,,0
Mercor,https://www.linkedin.com/company/mercor-ai,Hardware Engineering Specialist - Fully Remote | Upto $75/hr - AI Trainer,,0
First Principle,https://www.linkedin.com/company/firstprincipleus,Principal GNC Engineer,,0
COBS Bread,https://ca.linkedin.com/company/cobs-bread,Sales Assistant,,0
Alignerr,https://www.linkedin.com/company/alignerr,Mechanical Engineering,,0
Mercor,https://www.linkedin.com/company/mercor-ai,Career Coach - AI Trainer,,0
SteerBridge,https://www.linkedin.com/company/steerbridge,Senior Data & Program Analyst,,0
Mercor,https://www.linkedin.com/company/mercor-ai,Insurance Underwriter - AI Trainer,,0
Alignerr,https://www.linkedin.com/company/alignerr,Mechanical Engineering,,0
Alignerr,https://www.linkedin.com/company/alignerr,Mechanical Engineering,,0
Journal Register Company,https://www.linkedin.com/company/journal-register-company,ROLL TENDER,,0
Alignerr,https://www.linkedin.com/company/alignerr,Mechanical Engineering,,0
Valeris,https://www.linkedin.com/company/valeris,Cloud Infrastructure Engineer,,27 applicants
Pocatello Fire Department,https://www.linkedin.com/company/pocatello-fire-department,Accountant,,0
LaunchPoint,https://www.linkedin.com/company/launchpointmiami,Management Trainee – Sports Minded Individuals,,0
GO PR,https://www.linkedin.com/company/go-publicrelations,Account Director,,0
Alignerr,https://www.linkedin.com/company/alignerr,AI / Emerging Tech Security Analyst,,0
Prolific,https://uk.linkedin.com/company/prolific-com,"Mexico Residents - Survey Participants - Monterrey, Mexico",,0
24-MAG,https://www.linkedin.com/company/24mag,Remote | HR Operations & Talent Systems Specialist — $60–$85/hour,,0
Alignerr,https://www.linkedin.com/company/alignerr,Lean 4 Proof Engineer - Mathematical Formalization,,0
Michigan Medicine,https://www.linkedin.com/company/michigan-medicine,Research Associate I (Temp),,0
Mercor,https://www.linkedin.com/company/mercor-ai,Mathematics Instructor - AI Trainer,,0
"I.K. Hofmann USA, Inc.",https://www.linkedin.com/company/hofmann-services,"Warehouse Workers Needed in Rockmart, Day Shift, Earn Up to $975 Weekly! Great Benefits!",,0
Alignerr,https://www.linkedin.com/company/alignerr,AI Content Writer & Reviewer,,0
Accel Logística,https://mx.linkedin.com/company/accel-log,Gerente comercial de servicios Logisticos,,0
Alignerr,https://www.linkedin.com/company/alignerr,AI / Emerging Tech Security Analyst,,0
Joyful Rise,https://www.linkedin.com/company/joyful-rise,Executive Vice President,,0
Einstein Bros Bagels,https://www.linkedin.com/company/einstein-bros-bagels,Team Member,,0
24/7 Allstaff,https://www.linkedin.com/company/247allstaff,Account Manager / Recruiter,,0
Year Up United,https://www.linkedin.com/school/year-up-united/,Computer Systems Administration Career Training Program,,0
Alignerr,https://www.linkedin.com/company/alignerr,AI Writing Analyst,,0
The Strickland Group,https://www.linkedin.com/company/the-strickland-group22,Entry-Level Risk Management Advisor,,0
Alignerr,https://www.linkedin.com/company/alignerr,Mechanical Engineering,,0
Crossing Hurdles,https://www.linkedin.com/company/crossinghurdles,Policy Administrator,,0
ACC Concrete Ltd,https://in.linkedin.com/company/acc-concrete-ltd,Quick Links,,0
Meridian Title Corporation,https://www.linkedin.com/company/meridian-title-corporation,Title Tech,,0
Language Master 口语侠,https://cn.linkedin.com/company/language-master-%E5%8F%A3%E8%AF%AD%E4%BE%A0,online English tutor,,0
Crossing Hurdles,https://www.linkedin.com/company/crossinghurdles,Policy Administrator,,0
System One,https://www.linkedin.com/company/system-one,Payroll Specialist,,0
Wendy's,https://www.linkedin.com/company/wendys-inc,Crew - Dinner Shift,,0
Trace Labs,https://ca.linkedin.com/company/tracelabs,Design Internship ?,,0
